"uid","domainID","siteID","namedLocation","decimalLatitude","decimalLongitude","coordinateUncertainty","additionalCoordUncertainty","geodeticDatum","elevation","elevationUncertainty","aquaticSiteType","startDate","collectDate","eventID","sampleID","sampleCode","samplingProtocolVersion","samplingImpractical","samplerType","towsTrapsNumber","towsTrapsVolume","zooDepth1","zooDepth2","zooDepth3","remarks","recordedBy","collectedBy"
"07d68fc4-7f3f-491b-b0e8-8aae66a71fe7","D03","BARC","BARC.AOS.outlet",29.674748,-82.008404,0.1,10,"WGS84",27.1,0,"lake","2014-07-02T16:00Z","2014-07-02T16:00Z","BARC.20140702","BARC.OUT.20140702.ZOO",NA,"NEON.DOC.001194vC",NA,"Schindler-Patalas",2,24,1,1,NA,NA,"4cqeLHiLe4h48DaGJDxAgwCH9TdKoypw","nKsA92vMzSKXuTR+bYdjSrT8PiEV/ncJ"
"68f251f5-0766-4b14-b699-15d6299882c7","D03","BARC","BARC.AOS.buoy.c0",29.676473,-82.009089,10,10,"WGS84",27,10,"lake","2014-07-02T16:00Z","2014-07-02T16:00Z","BARC.20140702","BARC.BOUY.20140702.ZOO",NA,"NEON.DOC.001194vC",NA,"tow net",2,686.2,4.7,4.7,NA,NA,"4cqeLHiLe4h48DaGJDxAgwCH9TdKoypw","nKsA92vMzSKXuTR+bYdjSrT8PiEV/ncJ"
"95e466ff-3b9d-4cdd-a750-e4c3b64c1062","D03","BARC","BARC.AOS.inlet",29.677477,-82.007714,0.1,10,"WGS84",26.9,0,"lake","2014-07-02T16:00Z","2014-07-02T16:00Z","BARC.20140702","BARC.IN.20140702.ZOO",NA,"NEON.DOC.001194vC",NA,"tow net",2,525.6,3.6,3.6,NA,NA,"4cqeLHiLe4h48DaGJDxAgwCH9TdKoypw","nKsA92vMzSKXuTR+bYdjSrT8PiEV/ncJ"
"da2b7708-c0dd-496f-a721-50cf75f58bfb","D03","BARC","BARC.AOS.buoy.c0",29.676473,-82.009089,10,10,"WGS84",27,10,"lake","2015-02-18T17:00Z","2015-02-18T17:00Z","BARC.20150218","BARC.20150218.TOW.1",NA,"NEON.DOC.001194vC",NA,"tow net",3,547.5,2.5,2.5,2.5,"2.5m length of tow","SZd6jJU+PWukgvziuyetpzviWNuM2FzT","nKsA92vMzSKXuTR+bYdjSrT8PiEV/ncJ"
"8647ff46-8221-444a-9c52-22397f7d61c1","D03","BARC","BARC.AOS.inlet",29.677477,-82.007714,0.1,10,"WGS84",26.9,0,"lake","2015-02-18T17:00Z","2015-02-18T17:00Z","BARC.20150218","BARC.20150218.TOW.2",NA,"NEON.DOC.001194vC",NA,"tow net",3,328.5,1.5,1.5,1.5,"1.5m tow length","SZd6jJU+PWukgvziuyetpzviWNuM2FzT","nKsA92vMzSKXuTR+bYdjSrT8PiEV/ncJ"
"6ca43cfc-e635-44a9-9b14-4337fb3611e3","D03","BARC","BARC.AOS.outlet",29.674748,-82.008404,0.1,10,"WGS84",27.1,0,"lake","2015-02-18T17:00Z","2015-02-18T17:00Z","BARC.20150218","BARC.20150218.SCHINDLER.3",NA,"NEON.DOC.001194vC",NA,"Schindler-Patalas",2,24,0.5,1.5,NA,"","SZd6jJU+PWukgvziuyetpzviWNuM2FzT","nKsA92vMzSKXuTR+bYdjSrT8PiEV/ncJ"
"194bbd64-4ded-4806-89f6-dd032f04facd","D03","BARC","BARC.AOS.inlet",29.677477,-82.007714,0.1,10,"WGS84",26.9,0,"lake","2015-07-01T16:00Z","2015-07-01T16:00Z","BARC.20150701","BARC.20150701.SCHINDLER.2",NA,"NEON.DOC.001194vD",NA,"Schindler-Patalas",3,36,0.5,1.3,2,"","4cqeLHiLe4h48DaGJDxAgwCH9TdKoypw","nKsA92vMzSKXuTR+bYdjSrT8PiEV/ncJ"
"98fe9b05-4368-441b-9047-af5505115580","D03","BARC","BARC.AOS.outlet",29.674748,-82.008404,0.1,10,"WGS84",27.1,0,"lake","2015-07-01T16:00Z","2015-07-01T16:00Z","BARC.20150701","BARC.20150701.SCHINDLER.3",NA,"NEON.DOC.001194vD",NA,"Schindler-Patalas",2,24,0.5,0.5,NA,"excessive algae - cannot sample deeper than 0.5m","4cqeLHiLe4h48DaGJDxAgwCH9TdKoypw","nKsA92vMzSKXuTR+bYdjSrT8PiEV/ncJ"
"bf1a1529-93c8-46f1-834d-5659c0fed4ad","D03","BARC","BARC.AOS.buoy.c0",29.676473,-82.009089,10,10,"WGS84",27,10,"lake","2015-07-01T16:00Z","2015-07-01T16:00Z","BARC.20150701","BARC.20150701.TOW NET.1",NA,"NEON.DOC.001194vD",NA,"tow net",3,766.5,3.5,3.5,3.5,"","4cqeLHiLe4h48DaGJDxAgwCH9TdKoypw","nKsA92vMzSKXuTR+bYdjSrT8PiEV/ncJ"
"26110fc2-e752-418a-9df2-13e9d5173fe5","D03","BARC","BARC.AOS.inlet",29.677477,-82.007714,0.1,10,"WGS84",26.9,0,"lake","2015-11-05T17:00Z","2015-11-05T17:00Z","BARC.20151105","BARC.20151105.TOW NET.2",NA,"NEON.DOC.001194vD",NA,"tow net",3,657,3,3,3,NA,"w/KL6MXJXvQQsLRcmywlukzOyoInucvI","4cqeLHiLe4h48DaGJDxAgwCH9TdKoypw"
"7126404d-5c07-4d78-9165-46d474fb7139","D03","BARC","BARC.AOS.outlet",29.674748,-82.008404,0.1,10,"WGS84",27.1,0,"lake","2015-11-05T17:00Z","2015-11-05T17:00Z","BARC.20151105","BARC.20151105.SCHINDLER.3",NA,"NEON.DOC.001194vD",NA,"Schindler-Patalas",2,24,0.5,0.7,NA,NA,"w/KL6MXJXvQQsLRcmywlukzOyoInucvI","4cqeLHiLe4h48DaGJDxAgwCH9TdKoypw"
"e52a05be-d5f0-411f-93aa-52364dd87f33","D03","BARC","BARC.AOS.buoy.c0",29.676473,-82.009089,10,10,"WGS84",27,10,"lake","2015-11-05T17:00Z","2015-11-05T17:00Z","BARC.20151105","BARC.20151105.TOW NET.1",NA,"NEON.DOC.001194vD",NA,"tow net",3,985.5,4.5,4.5,4.5,NA,"w/KL6MXJXvQQsLRcmywlukzOyoInucvI","4cqeLHiLe4h48DaGJDxAgwCH9TdKoypw"
"a20b726a-e323-4019-aadc-612ee700e38c","D03","BARC","BARC.AOS.buoy.c0",29.676473,-82.009089,10,10,"WGS84",27,10,"lake","2016-02-19T17:00Z","2016-02-19T17:00Z","BARC.20160219","BARC.20160219.TOW NET.1",NA,"NEON.DOC.001194vE",NA,"tow net",2,715.4,4.9,4.9,NA,NA,"4cqeLHiLe4h48DaGJDxAgwCH9TdKoypw","JdN6ZmAx7oUw2gMleDi7glwSoayn+DB4"
"e0b388c8-2365-4cee-9667-93554b588d20","D03","BARC","BARC.AOS.inlet",29.677477,-82.007714,0.1,10,"WGS84",26.9,0,"lake","2016-02-19T17:00Z","2016-02-19T17:00Z","BARC.20160219","BARC.20160219.SCHINDLER.2",NA,"NEON.DOC.001194vE",NA,"Schindler-Patalas",2,24,0.5,1.2,NA,NA,"4cqeLHiLe4h48DaGJDxAgwCH9TdKoypw","JdN6ZmAx7oUw2gMleDi7glwSoayn+DB4"
"8bd9a2d5-1080-4714-91a3-2c8e9411d642","D03","BARC","BARC.AOS.outlet",29.674748,-82.008404,0.1,10,"WGS84",27.1,0,"lake","2016-02-19T17:00Z","2016-02-19T17:00Z","BARC.20160219","BARC.20160219.SCHINDLER.3",NA,"NEON.DOC.001194vE",NA,"Schindler-Patalas",2,24,0.5,0.8,NA,NA,"4cqeLHiLe4h48DaGJDxAgwCH9TdKoypw","JdN6ZmAx7oUw2gMleDi7glwSoayn+DB4"
"2de2e089-e768-4ef6-a92f-750bdd456777","D03","BARC","BARC.AOS.buoy.c0",29.676473,-82.009089,10,10,"WGS84",27,10,"lake","2016-07-06T16:00Z","2016-07-06T16:00Z","BARC.20160706","BARC.20160706.TOW NET.1",NA,"NEON.DOC.001194vE",NA,"tow net",2,686.2,4.7,4.7,NA,NA,"4cqeLHiLe4h48DaGJDxAgwCH9TdKoypw","JdN6ZmAx7oUw2gMleDi7glwSoayn+DB4"
"5539958a-2620-447c-bc96-6f80517b7bfe","D03","BARC","BARC.AOS.inlet",29.677477,-82.007714,0.1,10,"WGS84",26.9,0,"lake","2016-07-06T16:00Z","2016-07-06T16:00Z","BARC.20160706","BARC.20160706.SCHINDLER.2",NA,"NEON.DOC.001194vE",NA,"Schindler-Patalas",2,24,0.5,1,NA,NA,"4cqeLHiLe4h48DaGJDxAgwCH9TdKoypw","JdN6ZmAx7oUw2gMleDi7glwSoayn+DB4"
"1fa07d49-7238-4cdd-a550-384e2e04db63","D03","BARC","BARC.AOS.outlet",29.674748,-82.008404,0.1,10,"WGS84",27.1,0,"lake","2016-07-06T16:00Z","2016-07-06T16:00Z","BARC.20160706","BARC.20160706.SCHINDLER.3",NA,"NEON.DOC.001194vE",NA,"Schindler-Patalas",2,24,0.5,0.9,NA,NA,"4cqeLHiLe4h48DaGJDxAgwCH9TdKoypw","JdN6ZmAx7oUw2gMleDi7glwSoayn+DB4"
"f8bd9bf6-4b85-43a6-81fc-3fd22e868adf","D03","BARC","BARC.AOS.inlet",29.677477,-82.007714,0.1,10,"WGS84",26.9,0,"lake","2016-11-01T16:00Z","2016-11-01T16:00Z","BARC.20161101","BARC.20161101.SCHINDLER.2",NA,"NEON.DOC.001194vE",NA,"Schindler-Patalas",2,24,0.5,0.8,NA,"","gTdbIaH1ZgPJg1o4xN8mzucp1NVgTlxL","cnV1WCQ8UKg4+H5mqvmmKOoV390GYVH5"
"2b77b579-58b4-4457-82be-ef8d0a9550ce","D03","BARC","BARC.AOS.outlet",29.674748,-82.008404,0.1,10,"WGS84",27.1,0,"lake","2016-11-01T16:00Z","2016-11-01T16:00Z","BARC.20161101","BARC.20161101.SCHINDLER.3",NA,"NEON.DOC.001194vE",NA,"Schindler-Patalas",2,24,0.5,0.6,NA,"","gTdbIaH1ZgPJg1o4xN8mzucp1NVgTlxL","cnV1WCQ8UKg4+H5mqvmmKOoV390GYVH5"
"da631bec-50d1-4c0b-9918-2971e452b4ff","D03","BARC","BARC.AOS.buoy.c0",29.676473,-82.009089,10,10,"WGS84",27,10,"lake","2016-11-01T16:00Z","2016-11-01T16:00Z","BARC.20161101","BARC.20161101.TOW NET.1",NA,"NEON.DOC.001194vE",NA,"tow net",2,788.4,5.4,5.4,NA,"2 Bottles","gTdbIaH1ZgPJg1o4xN8mzucp1NVgTlxL","cnV1WCQ8UKg4+H5mqvmmKOoV390GYVH5"
"12199d5e-4488-4e1f-a92d-df216ebdc57b","D03","BARC","BARC.AOS.buoy.c0",29.676473,-82.009089,10,10,"WGS84",27,10,"lake","2017-02-27T17:00Z","2017-02-27T17:00Z","BARC.20170227","BARC.20170227.TOW NET.1",NA,"NEON.DOC.001194vF",NA,"tow net",4,934.4,3.2,3.2,3.2,NA,"JdN6ZmAx7oUw2gMleDi7glwSoayn+DB4","XBhTOsXqc3JUpPrNmD30I5JCq90cfBjT"
"7649c709-940e-4634-9118-c67537da4ac9","D03","BARC","BARC.AOS.inlet",29.677477,-82.007714,0.1,10,"WGS84",26.9,0,"lake","2017-02-27T17:00Z","2017-02-27T17:00Z","BARC.20170227","BARC.20170227.SCHINDLER.2",NA,"NEON.DOC.001194vF",NA,"Schindler-Patalas",2,24,0.5,0.5,NA,NA,"JdN6ZmAx7oUw2gMleDi7glwSoayn+DB4","XBhTOsXqc3JUpPrNmD30I5JCq90cfBjT"
"54d5ec50-89f5-44e8-b654-8d72d28b0bf4","D03","BARC","BARC.AOS.outlet",29.674748,-82.008404,0.1,10,"WGS84",27.1,0,"lake","2017-02-27T17:00Z","2017-02-27T17:00Z","BARC.20170227","BARC.20170227.SCHINDLER.3",NA,"NEON.DOC.001194vF",NA,"Schindler-Patalas",2,24,0.5,0.5,NA,NA,"JdN6ZmAx7oUw2gMleDi7glwSoayn+DB4","XBhTOsXqc3JUpPrNmD30I5JCq90cfBjT"
"e753c92a-198e-4a1f-b0bb-96d914b64334","D03","BARC","BARC.AOS.buoy.c0",29.676473,-82.009089,10,10,"WGS84",27,10,"lake","2017-06-28T12:16Z","2017-06-28T12:16Z","BARC.20170628","BARC.20170628.TOWNET.1",NA,"NEON.DOC.001194vE",NA,"tow net",2,642.4,4.4,4.4,NA,NA,"XBhTOsXqc3JUpPrNmD30I5JCq90cfBjT","JdN6ZmAx7oUw2gMleDi7glwSoayn+DB4"
"a159b966-1843-46e3-a1f1-eb7e7f60bb2c","D03","BARC","BARC.AOS.inlet",29.677477,-82.007714,0.1,10,"WGS84",26.9,0,"lake","2017-06-28T12:16Z","2017-06-28T12:16Z","BARC.20170628","BARC.20170628.SCHINDLER.2",NA,"NEON.DOC.001194vE",NA,"Schindler-Patalas",2,24,0.5,0.7,NA,NA,"XBhTOsXqc3JUpPrNmD30I5JCq90cfBjT","JdN6ZmAx7oUw2gMleDi7glwSoayn+DB4"
"7c63a029-a0ac-472a-8da4-70c112a23b11","D03","BARC","BARC.AOS.outlet",29.674748,-82.008404,0.1,10,"WGS84",27.1,0,"lake","2017-06-28T12:16Z","2017-06-28T12:16Z","BARC.20170628","BARC.20170628.SCHINDLER.3",NA,"NEON.DOC.001194vE",NA,"Schindler-Patalas",2,24,0.5,0.5,NA,NA,"XBhTOsXqc3JUpPrNmD30I5JCq90cfBjT","JdN6ZmAx7oUw2gMleDi7glwSoayn+DB4"
"add24b0e-38cc-4861-a449-053f56434ea6","D03","BARC","BARC.AOS.buoy.c0",29.676473,-82.009089,10,10,"WGS84",27,10,"lake","2017-10-31T16:07Z","2017-10-31T16:07Z","BARC.20171031","BARC.20171031.TOWNET.1",NA,"NEON.DOC.001194vF",NA,"tow net",2,840.96,5.8,5.8,NA,NA,"uc/Ogwu/d/aC0/FyeYgRy91eQH6E3aLH","XBhTOsXqc3JUpPrNmD30I5JCq90cfBjT"
"d3b16817-05aa-4ce6-987d-41fe91bd00ed","D03","BARC","BARC.AOS.inlet",29.677477,-82.007714,0.1,10,"WGS84",26.9,0,"lake","2017-10-31T16:07Z","2017-10-31T16:07Z","BARC.20171031","BARC.20171031.SCHINDLER.2",NA,"NEON.DOC.001194vF",NA,"Schindler-Patalas",3,36,0.5,1.3,2.1,NA,"uc/Ogwu/d/aC0/FyeYgRy91eQH6E3aLH","XBhTOsXqc3JUpPrNmD30I5JCq90cfBjT"
"283af16c-4852-4864-a83d-fbb2a3944bdf","D03","BARC","BARC.AOS.outlet",29.674748,-82.008404,0.1,10,"WGS84",27.1,0,"lake","2017-10-31T16:07Z","2017-10-31T16:07Z","BARC.20171031","BARC.20171031.SCHINDLER.3",NA,"NEON.DOC.001194vF",NA,"Schindler-Patalas",3,36,0.5,1.1,1.7,NA,"uc/Ogwu/d/aC0/FyeYgRy91eQH6E3aLH","XBhTOsXqc3JUpPrNmD30I5JCq90cfBjT"
"aa817b36-1a1e-4121-bbfd-8a2b79d7100d","D03","BARC","BARC.AOS.buoy.c0",29.676473,-82.009089,10,10,"WGS84",27,10,"lake","2018-02-14T15:41Z","2018-02-14T15:41Z","BARC.20180214","BARC.20180214.TOWNET.1",NA,"NEON.DOC.001194vF",NA,"tow net",2,715.4,4.9,4.9,NA,NA,"XBhTOsXqc3JUpPrNmD30I5JCq90cfBjT","Ufb4ebvHmXnbJrkqryGw+U/ayHNDYq8/f6HM631bfR8="
"791f2506-08e9-49d6-abd4-b17899972fad","D03","BARC","BARC.AOS.inlet",29.677477,-82.007714,0.1,10,"WGS84",26.9,0,"lake","2018-02-14T15:41Z","2018-02-14T15:41Z","BARC.20180214","BARC.20180214.SCHINDLER.2",NA,"NEON.DOC.001194vF",NA,"Schindler-Patalas",3,36,0.5,1.2,1.9,NA,"XBhTOsXqc3JUpPrNmD30I5JCq90cfBjT","Ufb4ebvHmXnbJrkqryGw+U/ayHNDYq8/f6HM631bfR8="
"e086b5d8-72b4-44fc-959f-18fd731327c6","D03","BARC","BARC.AOS.outlet",29.674748,-82.008404,0.1,10,"WGS84",27.1,0,"lake","2018-02-14T15:41Z","2018-02-14T15:41Z","BARC.20180214","BARC.20180214.SCHINDLER.3",NA,"NEON.DOC.001194vF",NA,"Schindler-Patalas",3,36,0.5,1.4,2.3,NA,"XBhTOsXqc3JUpPrNmD30I5JCq90cfBjT","Ufb4ebvHmXnbJrkqryGw+U/ayHNDYq8/f6HM631bfR8="
"db6f7a56-4241-4b47-b125-c63b98e41e91","D03","SUGG","SUGG.AOS.inlet",29.685093,-82.018412,0.1,10,"WGS84",30.2,0,"lake","2014-07-18T16:00Z","2014-07-18T16:00Z","SUGG.20140718","SUGG.IN.20140718.ZOO",NA,"NEON.DOC.001194vC",NA,"Schindler-Patalas",3,36,0.5,1,1.5,"","KnvsV1XN/fcT6FYSWd8OReDfV3Qsyj6N","nKsA92vMzSKXuTR+bYdjSrT8PiEV/ncJ"
"6fb3895d-5779-44ad-b524-5a7b9bd9bd88","D03","SUGG","SUGG.AOS.outlet",29.687601,-82.020598,0.1,10,"WGS84",30.3,0,"lake","2014-07-18T16:00Z","2014-07-18T16:00Z","SUGG.20140718","SUGG.OUT.20140718.ZOO",NA,"NEON.DOC.001194vC",NA,"Schindler-Patalas",3,36,0.5,1,1.5,"","KnvsV1XN/fcT6FYSWd8OReDfV3Qsyj6N","nKsA92vMzSKXuTR+bYdjSrT8PiEV/ncJ"
"066c76c0-005b-458b-8150-0bb755ead682","D03","SUGG","SUGG.AOS.buoy.c0",29.688149,-82.017318,10,10,"WGS84",30,10,"lake","2014-07-18T16:00Z","2014-07-18T16:00Z","SUGG.20140718","SUGG.BOUY.20140718.ZOO",NA,"NEON.DOC.001194vC",NA,"Schindler-Patalas",4,48,0.5,1,1.5,"depth 4 = 2m","KnvsV1XN/fcT6FYSWd8OReDfV3Qsyj6N","nKsA92vMzSKXuTR+bYdjSrT8PiEV/ncJ"
"742dba6b-b227-4a07-9fa9-7b63213e24b6","D03","SUGG","SUGG.AOS.buoy.c0",29.688149,-82.017318,10,10,"WGS84",30,10,"lake","2015-02-18T17:00Z","2015-02-18T17:00Z","SUGG.20150218","SUGG.20150218.SCHINDLER.1",NA,"NEON.DOC.001194vC",NA,"Schindler-Patalas",4,48,0.5,1.5,NA,NA,"SZd6jJU+PWukgvziuyetpzviWNuM2FzT","nKsA92vMzSKXuTR+bYdjSrT8PiEV/ncJ"
"7763a7aa-6c83-432b-a055-9011dd2a38e5","D03","SUGG","SUGG.AOS.inlet",29.685093,-82.018412,0.1,10,"WGS84",30.2,0,"lake","2015-02-18T17:00Z","2015-02-18T17:00Z","SUGG.20150218","SUGG.20150218.SCHINDLER.2",NA,"NEON.DOC.001194vC",NA,"Schindler-Patalas",2,24,0.5,1.5,NA,NA,"SZd6jJU+PWukgvziuyetpzviWNuM2FzT","nKsA92vMzSKXuTR+bYdjSrT8PiEV/ncJ"
"0dff16ec-2db6-4347-95a5-37d6c5dabbb5","D03","SUGG","SUGG.AOS.outlet",29.687601,-82.020598,0.1,10,"WGS84",30.3,0,"lake","2015-02-18T17:00Z","2015-02-18T17:00Z","SUGG.20150218","SUGG.20150218.SCHINDLER.3",NA,"NEON.DOC.001194vC",NA,"Schindler-Patalas",2,24,0.5,1.5,NA,NA,"SZd6jJU+PWukgvziuyetpzviWNuM2FzT","nKsA92vMzSKXuTR+bYdjSrT8PiEV/ncJ"
"32c81485-5d89-4548-ad8d-1e7eb88ecf0c","D03","SUGG","SUGG.AOS.outlet",29.687601,-82.020598,0.1,10,"WGS84",30.3,0,"lake","2015-07-08T16:00Z","2015-07-08T16:00Z","SUGG.20150708","SUGG.20150708.SCHINDLER.3",NA,"NEON.DOC.001194vD",NA,"Schindler-Patalas",2,24,0.5,1.2,NA,NA,"JdN6ZmAx7oWFIyzymv+BnRh9VwthDgp6K22EnIME4dI=","nKsA92vMzSKXuTR+bYdjSrT8PiEV/ncJ"
"4fdb1f6c-3045-4ac2-8808-fe271d2640f4","D03","SUGG","SUGG.AOS.buoy.c0",29.688149,-82.017318,10,10,"WGS84",30,10,"lake","2015-07-08T16:00Z","2015-07-08T16:00Z","SUGG.20150708","SUGG.20150708.SCHINDLER.1",NA,"NEON.DOC.001194vD",NA,"Schindler-Patalas",2,24,0.5,1.5,NA,NA,"JdN6ZmAx7oWFIyzymv+BnRh9VwthDgp6K22EnIME4dI=","nKsA92vMzSKXuTR+bYdjSrT8PiEV/ncJ"
"d079d2bc-cff3-43e8-8a7a-6d66efb6ae58","D03","SUGG","SUGG.AOS.inlet",29.685093,-82.018412,0.1,10,"WGS84",30.2,0,"lake","2015-07-08T16:00Z","2015-07-08T16:00Z","SUGG.20150708","SUGG.20150708.SCHINDLER.2",NA,"NEON.DOC.001194vD",NA,"Schindler-Patalas",2,24,0.5,1.3,NA,NA,"JdN6ZmAx7oWFIyzymv+BnRh9VwthDgp6K22EnIME4dI=","nKsA92vMzSKXuTR+bYdjSrT8PiEV/ncJ"
"b53c32aa-65b4-4ac3-b6fa-6f256429499e","D03","SUGG","SUGG.AOS.inlet",29.685093,-82.018412,0.1,10,"WGS84",30.2,0,"lake","2015-11-10T17:00Z","2015-11-10T17:00Z","SUGG.20151110","SUGG.20151110.SCHINDLER.2",NA,"NEON.DOC.001194vD",NA,"Schindler-Patalas",2,24,0.5,0.5,NA,NA,"4cqeLHiLe4h48DaGJDxAgwCH9TdKoypw","nKsA92vMzSKXuTR+bYdjSrT8PiEV/ncJ"
"65efa986-6334-4a63-b4c4-d12195804f49","D03","SUGG","SUGG.AOS.outlet",29.687601,-82.020598,0.1,10,"WGS84",30.3,0,"lake","2015-11-10T17:00Z","2015-11-10T17:00Z","SUGG.20151110","SUGG.20151110.SCHINDLER.3",NA,"NEON.DOC.001194vD",NA,"Schindler-Patalas",2,24,0.5,0.5,NA,NA,"4cqeLHiLe4h48DaGJDxAgwCH9TdKoypw","nKsA92vMzSKXuTR+bYdjSrT8PiEV/ncJ"
"bb26a66c-38c4-4dbd-ad22-7bf6735d1f7e","D03","SUGG","SUGG.AOS.buoy.c0",29.688149,-82.017318,10,10,"WGS84",30,10,"lake","2015-11-10T17:00Z","2015-11-10T17:00Z","SUGG.20151110","SUGG.20151110.SCHINDLER.1",NA,"NEON.DOC.001194vD",NA,"Schindler-Patalas",2,24,0.5,0.5,NA,NA,"4cqeLHiLe4h48DaGJDxAgwCH9TdKoypw","nKsA92vMzSKXuTR+bYdjSrT8PiEV/ncJ"
"39e17c7e-ef7f-4cb6-9a90-0e2689b022ac","D03","SUGG","SUGG.AOS.buoy.c0",29.688149,-82.017318,10,10,"WGS84",30,10,"lake","2016-02-12T17:00Z","2016-02-12T17:00Z","SUGG.20160212","SUGG.20160212.SCHINDLER.1",NA,"NEON.DOC.001194vE",NA,"Schindler-Patalas",3,36,0.5,1.1,1.8,NA,"w/KL6MXJXvQQsLRcmywlukzOyoInucvI","4cqeLHiLe4h48DaGJDxAgwCH9TdKoypw"
"21e76505-1ec0-4fbd-82d4-ad8ea321fd35","D03","SUGG","SUGG.AOS.inlet",29.685093,-82.018412,0.1,10,"WGS84",30.2,0,"lake","2016-02-12T17:00Z","2016-02-12T17:00Z","SUGG.20160212","SUGG.20160212.SCHINDLER.2",NA,"NEON.DOC.001194vE",NA,"Schindler-Patalas",2,24,0.5,1.3,NA,NA,"w/KL6MXJXvQQsLRcmywlukzOyoInucvI","4cqeLHiLe4h48DaGJDxAgwCH9TdKoypw"
"aa6f663c-ed2c-4bdc-a5bf-eddc5af5ba78","D03","SUGG","SUGG.AOS.outlet",29.687601,-82.020598,0.1,10,"WGS84",30.3,0,"lake","2016-02-12T17:00Z","2016-02-12T17:00Z","SUGG.20160212","SUGG.20160212.SCHINDLER.3",NA,"NEON.DOC.001194vE",NA,"Schindler-Patalas",2,24,0.5,1.4,NA,NA,"w/KL6MXJXvQQsLRcmywlukzOyoInucvI","4cqeLHiLe4h48DaGJDxAgwCH9TdKoypw"
"e314e4a7-8527-4319-a06f-86607f88086c","D03","SUGG","SUGG.AOS.buoy.c0",29.688149,-82.017318,10,10,"WGS84",30,10,"lake","2016-07-05T16:00Z","2016-07-05T16:00Z","SUGG.20160705","SUGG.20160705.SCHINDLER.1",NA,"NEON.DOC.001194vE",NA,"Schindler-Patalas",3,36,0.5,0.7,1.9,"sample depth 1.85m","4cqeLHiLe4h48DaGJDxAgwCH9TdKoypw","JdN6ZmAx7oUw2gMleDi7glwSoayn+DB4"
"db186afe-12ca-4c18-86a3-9283bc011fc7","D03","SUGG","SUGG.AOS.inlet",29.685093,-82.018412,0.1,10,"WGS84",30.2,0,"lake","2016-07-05T16:00Z","2016-07-05T16:00Z","SUGG.20160705","SUGG.20160705.SCHINDLER.2",NA,"NEON.DOC.001194vE",NA,"Schindler-Patalas",2,24,0.5,1.3,NA,"","4cqeLHiLe4h48DaGJDxAgwCH9TdKoypw","JdN6ZmAx7oUw2gMleDi7glwSoayn+DB4"
"a9e36842-cf2a-4c68-8df8-2a9d2109b566","D03","SUGG","SUGG.AOS.outlet",29.687601,-82.020598,0.1,10,"WGS84",30.3,0,"lake","2016-07-05T16:00Z","2016-07-05T16:00Z","SUGG.20160705","SUGG.20160705.SCHINDLER.3",NA,"NEON.DOC.001194vE",NA,"Schindler-Patalas",2,24,0.5,1.2,NA,"","4cqeLHiLe4h48DaGJDxAgwCH9TdKoypw","JdN6ZmAx7oUw2gMleDi7glwSoayn+DB4"
"0d733960-0c6f-46a1-b0da-0b27eb2b43e6","D03","SUGG","SUGG.AOS.buoy.c0",29.688149,-82.017318,10,10,"WGS84",30,10,"lake","2016-10-31T16:00Z","2016-10-31T16:00Z","SUGG.20161031","SUGG.20161031.SCHINDLER.1",NA,"NEON.DOC.001194vE",NA,"Schindler-Patalas",2,24,0.5,1.5,NA,NA,"W4IdGMiYFobUoOucFpnHgJGu2ZFm5w6P","cnV1WCQ8UKg4+H5mqvmmKOoV390GYVH5"
"0d53be7f-222d-4282-a5f0-f6a9ef276358","D03","SUGG","SUGG.AOS.inlet",29.685093,-82.018412,0.1,10,"WGS84",30.2,0,"lake","2016-10-31T16:00Z","2016-10-31T16:00Z","SUGG.20161031","SUGG.20161031.SCHINDLER.2",NA,"NEON.DOC.001194vE",NA,"Schindler-Patalas",2,24,0.5,1.2,NA,NA,"W4IdGMiYFobUoOucFpnHgJGu2ZFm5w6P","cnV1WCQ8UKg4+H5mqvmmKOoV390GYVH5"
"ea9c6ff4-fb57-4f8c-9a55-b541507068ce","D03","SUGG","SUGG.AOS.outlet",29.687601,-82.020598,0.1,10,"WGS84",30.3,0,"lake","2016-10-31T16:00Z","2016-10-31T16:00Z","SUGG.20161031","SUGG.20161031.SCHINDLER.3",NA,"NEON.DOC.001194vE",NA,"Schindler-Patalas",2,24,0.5,0.9,NA,NA,"W4IdGMiYFobUoOucFpnHgJGu2ZFm5w6P","cnV1WCQ8UKg4+H5mqvmmKOoV390GYVH5"
"dfb60c96-02f4-4761-8192-8f8061505d04","D03","SUGG","SUGG.AOS.buoy.c0",29.688149,-82.017318,10,10,"WGS84",30,10,"lake","2017-02-09T17:00Z","2017-02-09T17:00Z","SUGG.20170209","SUGG.20170209.SCHINDLER.1",NA,"NEON.DOC.001194vA",NA,"Schindler-Patalas",2,24,0.5,1.3,NA,NA,"JdN6ZmAx7oUw2gMleDi7glwSoayn+DB4","uc/Ogwu/d/Yc8Afxdao1wUwMIMFn5kmO"
"22ff2b3f-a5f2-41cd-a46b-ae8bbc912b14","D03","SUGG","SUGG.AOS.inlet",29.685093,-82.018412,0.1,10,"WGS84",30.2,0,"lake","2017-02-09T17:00Z","2017-02-09T17:00Z","SUGG.20170209","SUGG.20170209.SCHINDLER.2",NA,"NEON.DOC.001194vA",NA,"Schindler-Patalas",2,24,0.5,1,NA,NA,"JdN6ZmAx7oUw2gMleDi7glwSoayn+DB4","uc/Ogwu/d/Yc8Afxdao1wUwMIMFn5kmO"
"efeb2509-30ec-4931-874f-d3b3db5ad7d0","D03","SUGG","SUGG.AOS.outlet",29.687601,-82.020598,0.1,10,"WGS84",30.3,0,"lake","2017-02-09T17:00Z","2017-02-09T17:00Z","SUGG.20170209","SUGG.20170209.SCHINDLER.3",NA,"NEON.DOC.001194vA",NA,"Schindler-Patalas",2,24,0.5,0.8,NA,NA,"JdN6ZmAx7oUw2gMleDi7glwSoayn+DB4","uc/Ogwu/d/Yc8Afxdao1wUwMIMFn5kmO"
"baf1cc9e-1026-4687-9502-b859c5227e48","D03","SUGG","SUGG.AOS.buoy.c0",29.688149,-82.017318,10,10,"WGS84",30,10,"lake","2017-06-29T13:32Z","2017-06-29T13:32Z","SUGG.20170629","SUGG.20170629.SCHINDLER.1",NA,"NEON.DOC.001194vE",NA,"Schindler-Patalas",2,24,0.5,2,NA,NA,"XBhTOsXqc3JUpPrNmD30I5JCq90cfBjT","JdN6ZmAx7oUw2gMleDi7glwSoayn+DB4"
"6245a441-007d-44a8-b100-40af87557ab9","D03","SUGG","SUGG.AOS.inlet",29.685093,-82.018412,0.1,10,"WGS84",30.2,0,"lake","2017-06-29T13:32Z","2017-06-29T13:32Z","SUGG.20170629","SUGG.20170629.SCHINDLER.2",NA,"NEON.DOC.001194vE",NA,"Schindler-Patalas",2,24,0.5,1.6,NA,NA,"XBhTOsXqc3JUpPrNmD30I5JCq90cfBjT","JdN6ZmAx7oUw2gMleDi7glwSoayn+DB4"
"786b6a0a-001e-4122-865b-63d90f1fcb7e","D03","SUGG","SUGG.AOS.outlet",29.687601,-82.020598,0.1,10,"WGS84",30.3,0,"lake","2017-06-29T13:32Z","2017-06-29T13:32Z","SUGG.20170629","SUGG.20170629.SCHINDLER.3",NA,"NEON.DOC.001194vE",NA,"Schindler-Patalas",2,24,0.5,1.4,NA,NA,"XBhTOsXqc3JUpPrNmD30I5JCq90cfBjT","JdN6ZmAx7oUw2gMleDi7glwSoayn+DB4"
"ac14d343-9811-4f3c-bc74-53e351581bdf","D03","SUGG","SUGG.AOS.buoy.c0",29.688149,-82.017318,10,10,"WGS84",30,10,"lake","2017-11-03T17:54Z","2017-11-03T17:54Z","SUGG.20171103","SUGG.20171103.SCHINDLER.1",NA,"NEON.DOC.001194vF",NA,"Schindler-Patalas",3,36,0.5,1.2,1.9,NA,"W4IdGMiYFoZE0IgQFmtJt83M5qKU2cbn+ZpmTa3A2ho=","Ufb4ebvHmXnbJrkqryGw+U/ayHNDYq8/f6HM631bfR8="
"8353c7f7-7b1b-4ca9-b10e-6c69781b6163","D03","SUGG","SUGG.AOS.inlet",29.685093,-82.018412,0.1,10,"WGS84",30.2,0,"lake","2017-11-03T17:54Z","2017-11-03T17:54Z","SUGG.20171103","SUGG.20171103.SCHINDLER.2",NA,"NEON.DOC.001194vF",NA,"Schindler-Patalas",2,24,0.5,1.5,NA,NA,"W4IdGMiYFoZE0IgQFmtJt83M5qKU2cbn+ZpmTa3A2ho=","Ufb4ebvHmXnbJrkqryGw+U/ayHNDYq8/f6HM631bfR8="
"eb805f7e-6c61-404f-8eed-9a633b80b6aa","D03","SUGG","SUGG.AOS.outlet",29.687601,-82.020598,0.1,10,"WGS84",30.3,0,"lake","2017-11-03T17:54Z","2017-11-03T17:54Z","SUGG.20171103","SUGG.20171103.SCHINDLER.3",NA,"NEON.DOC.001194vF",NA,"Schindler-Patalas",2,24,0.5,1.2,NA,NA,"W4IdGMiYFoZE0IgQFmtJt83M5qKU2cbn+ZpmTa3A2ho=","Ufb4ebvHmXnbJrkqryGw+U/ayHNDYq8/f6HM631bfR8="
"df6d32a9-fb4f-4453-ab91-48eed514514e","D03","SUGG","SUGG.AOS.buoy.c0",29.688149,-82.017318,10,10,"WGS84",30,10,"lake","2018-02-12T14:52Z","2018-02-12T14:52Z","SUGG.20180212","SUGG.20180212.SCHINDLER.1",NA,"NEON.DOC.001194vF",NA,"Schindler-Patalas",3,36,0.5,1.2,2,NA,"XBhTOsXqc3JUpPrNmD30I5JCq90cfBjT","Ufb4ebvHmXnbJrkqryGw+U/ayHNDYq8/f6HM631bfR8="
"83950418-f9e1-44f3-9e93-85c5b90bfa94","D03","SUGG","SUGG.AOS.inlet",29.685093,-82.018412,0.1,10,"WGS84",30.2,0,"lake","2018-02-12T14:52Z","2018-02-12T14:52Z","SUGG.20180212","SUGG.20180212.SCHINDLER.2",NA,"NEON.DOC.001194vF",NA,"Schindler-Patalas",2,24,0.5,1.4,NA,NA,"XBhTOsXqc3JUpPrNmD30I5JCq90cfBjT","Ufb4ebvHmXnbJrkqryGw+U/ayHNDYq8/f6HM631bfR8="
"dd736621-da81-4ea0-9d23-a71bccae778f","D03","SUGG","SUGG.AOS.outlet",29.687601,-82.020598,0.1,10,"WGS84",30.3,0,"lake","2018-02-12T14:52Z","2018-02-12T14:52Z","SUGG.20180212","SUGG.20180212.SCHINDLER.3",NA,"NEON.DOC.001194vF",NA,"Schindler-Patalas",2,24,0.5,1.3,NA,NA,"XBhTOsXqc3JUpPrNmD30I5JCq90cfBjT","Ufb4ebvHmXnbJrkqryGw+U/ayHNDYq8/f6HM631bfR8="
"cf518c2c-edc3-48df-8cff-8c081f53ed4f","D05","CRAM","CRAM.AOS.outlet",46.211998,-89.474475,0.1,10,"WGS84",511.8,0,"lake","2015-05-13T17:00Z","2015-05-13T17:00Z","CRAM.20150513","CRAM.20150513.SCHINDLERPATALAS.1",NA,"NEON.DOC.001194vD",NA,"Schindler-Patalas",2,24,0.5,0.5,NA,"5.1 foot total depth, 13.7 degree C, 15.1 uS/cm, 90% DO","jcx/0sK4DAM0gl9c37LBbZs7wHhQPr1n","bhyqAGH4uRkcir9xDj7d5wq9Q3xNnOdK"
"3ce0945d-4279-4e38-acb2-0f2224b8748b","D05","CRAM","CRAM.AOS.inlet",46.207952,-89.476174,0.1,10,"WGS84",511.7,0,"lake","2015-05-13T17:00Z","2015-05-13T17:00Z","CRAM.20150513","CRAM.20150513.SCHINDLERPATALAS.2",NA,"NEON.DOC.001194vD",NA,"Schindler-Patalas",2,24,0.5,0.5,NA,"14.4 degree C, 15.4 uS/cm, 98% DO","jcx/0sK4DAM0gl9c37LBbZs7wHhQPr1n","bhyqAGH4uRkcir9xDj7d5wq9Q3xNnOdK"
"a6102fde-320a-43f3-b1ee-5d52f982e28f","D05","CRAM","CRAM.AOS.inlet",46.207952,-89.476174,0.1,10,"WGS84",511.7,0,"lake","2015-07-13T17:00Z","2015-07-13T17:00Z","CRAM.20150713","CRAM.20150713.SCHINDLERPATALAS.2",NA,"NEON.DOC.001194vD",NA,"Schindler-Patalas",2,24,0.5,0.6,NA,NA,"bhyqAGH4uRkcir9xDj7d5wq9Q3xNnOdK","qiDzb+SUrfoBlGn/RO4KcyAMa8ohAqcn"
"63c268dd-c92c-4c7e-85a4-bb89aa538a20","D05","CRAM","CRAM.AOS.outlet",46.211998,-89.474475,0.1,10,"WGS84",511.8,0,"lake","2015-07-13T17:00Z","2015-07-13T17:00Z","CRAM.20150713","CRAM.20150713.SCHINDLERPATALAS.1",NA,"NEON.DOC.001194vD",NA,"Schindler-Patalas",2,24,0.5,0.5,NA,NA,"bhyqAGH4uRkcir9xDj7d5wq9Q3xNnOdK","qiDzb+SUrfoBlGn/RO4KcyAMa8ohAqcn"
"440d3c50-e994-44e0-aeae-b738d5614af0","D05","CRAM","CRAM.AOS.buoy.c0",46.210592,-89.476861,10,10,"WGS84",509,10,"lake","2015-07-13T17:00Z","2015-07-13T17:00Z","CRAM.20150713","CRAM.20150713.TOWNET.3",NA,"NEON.DOC.001194vD",NA,"tow net",1,1971,13.5,13.5,NA,NA,"bhyqAGH4uRkcir9xDj7d5wq9Q3xNnOdK","qiDzb+SUrfoBlGn/RO4KcyAMa8ohAqcn"
"3d9d4558-349c-4692-a16c-b6b7205bf8ea","D05","CRAM","CRAM.AOS.outlet",46.211998,-89.474475,0.1,10,"WGS84",511.8,0,"lake","2015-09-14T17:00Z","2015-09-14T17:00Z","CRAM.20150914","CRAM.20150914.SCHINDLERPATALAS.1",NA,"NEON.DOC.001194vD",NA,"Schindler-Patalas",2,24,0.5,0.5,NA,"19.2 degrees C. 10.9 uS/cm, 8.4 mg/L, 96% DO","gv1RuG2ijYOiQdbqqg4qu+pKtrSPX1oD","bhyqAGH4uRkcir9xDj7d5wq9Q3xNnOdK"
"8764e967-08ad-4eca-a507-9f23998ed73c","D05","CRAM","CRAM.AOS.buoy.c0",46.210592,-89.476861,10,10,"WGS84",509,10,"lake","2015-09-14T17:00Z","2015-09-14T17:00Z","CRAM.20150914","CRAM.20150914.TOWNET.3",NA,"NEON.DOC.001194vD",NA,"tow net",1,1752,12,12,NA,"","gv1RuG2ijYOiQdbqqg4qu+pKtrSPX1oD","bhyqAGH4uRkcir9xDj7d5wq9Q3xNnOdK"
"dd1d0cbc-a230-4115-892e-ecac073fadab","D05","CRAM","CRAM.AOS.inlet",46.207952,-89.476174,0.1,10,"WGS84",511.7,0,"lake","2015-09-14T17:00Z","2015-09-14T17:00Z","CRAM.20150914","CRAM.20150914.SCHINDLERPATALAS.2",NA,"NEON.DOC.001194vD",NA,"Schindler-Patalas",2,24,0.5,0.5,NA,"19.9 degrees C, 14.1 uS/cm, 8.7 mg/L, 100% DO","gv1RuG2ijYOiQdbqqg4qu+pKtrSPX1oD","bhyqAGH4uRkcir9xDj7d5wq9Q3xNnOdK"
"acdf3523-868b-48e8-b173-bdaaf449b955","D05","CRAM","CRAM.AOS.inlet",46.207952,-89.476174,0.1,10,"WGS84",511.7,0,"lake","2016-04-29T17:00Z","2016-04-29T17:00Z","CRAM.20160429","CRAM.20160429.SCHINDLERPATALAS.2",NA,"NEON.DOC.001194vE",NA,"Schindler-Patalas",2,24,0.5,0.5,NA,NA,"q4jXFMRo3HvA0bmq2VSfPS/SCAqyEsJQ","bhyqAGH4uRkcir9xDj7d5wq9Q3xNnOdK"
"da990f73-ba32-4ef9-bf85-3472b39c75ec","D05","CRAM","CRAM.AOS.outlet",46.211998,-89.474475,0.1,10,"WGS84",511.8,0,"lake","2016-04-29T17:00Z","2016-04-29T17:00Z","CRAM.20160429","CRAM.20160429.SCHINDLERPATALAS.1",NA,"NEON.DOC.001194vE",NA,"Schindler-Patalas",2,24,0.5,0.5,NA,NA,"q4jXFMRo3HvA0bmq2VSfPS/SCAqyEsJQ","bhyqAGH4uRkcir9xDj7d5wq9Q3xNnOdK"
"fde63aaa-c4d5-4d41-a70e-7f7d44a61a2c","D05","CRAM","CRAM.AOS.buoy.c0",46.210592,-89.476861,10,10,"WGS84",509,10,"lake","2016-04-29T17:00Z","2016-04-29T17:00Z","CRAM.20160429","CRAM.20160429.TOWNET.3",NA,"NEON.DOC.001194vE",NA,"tow net",2,1095,15,NA,NA,NA,"q4jXFMRo3HvA0bmq2VSfPS/SCAqyEsJQ","bhyqAGH4uRkcir9xDj7d5wq9Q3xNnOdK"
"2fc32bf5-10d9-4160-b619-d42e4885c5a3","D05","CRAM","CRAM.AOS.outlet",46.211998,-89.474475,0.1,10,"WGS84",511.8,0,"lake","2016-07-13T17:00Z","2016-07-13T17:00Z","CRAM.20160713","CRAM.20160713.SCHINDLER.1",NA,"NEON.DOC.001194vE",NA,"Schindler-Patalas",2,24,0.5,0.5,NA,NA,"q4jXFMRo3HvA0bmq2VSfPS/SCAqyEsJQ","bhyqAGH4uRkcir9xDj7d5wq9Q3xNnOdK"
"a84327e8-f0f5-4a9b-91f9-4fd2e3f37263","D05","CRAM","CRAM.AOS.buoy.c0",46.210592,-89.476861,10,10,"WGS84",509,10,"lake","2016-07-13T17:00Z","2016-07-13T17:00Z","CRAM.20160713","CRAM.20160713.TOW NET.3",NA,"NEON.DOC.001194vE",NA,"tow net",2,2482,17,17,NA,NA,"q4jXFMRo3HvA0bmq2VSfPS/SCAqyEsJQ","bhyqAGH4uRkcir9xDj7d5wq9Q3xNnOdK"
"bc1edb3c-ec05-4eda-8bc4-28ffd9ee5a81","D05","CRAM","CRAM.AOS.inlet",46.207952,-89.476174,0.1,10,"WGS84",511.7,0,"lake","2016-07-13T17:00Z","2016-07-13T17:00Z","CRAM.20160713","CRAM.20160713.SCHINDLER.2",NA,"NEON.DOC.001194vE",NA,"Schindler-Patalas",2,24,0.5,0.5,NA,NA,"q4jXFMRo3HvA0bmq2VSfPS/SCAqyEsJQ","bhyqAGH4uRkcir9xDj7d5wq9Q3xNnOdK"
"13cc2cea-3d4a-40d7-9ce9-bf9b24f6665a","D05","CRAM","CRAM.AOS.outlet",46.211998,-89.474475,0.1,10,"WGS84",511.8,0,"lake","2016-09-19T17:00Z","2016-09-19T17:00Z","CRAM.20160919","CRAM.20160919.SCHINDLER.1",NA,"NEON.DOC.001194vE",NA,"Schindler-Patalas",2,24,0.5,0.5,NA,NA,"q4jXFMRo3HvA0bmq2VSfPS/SCAqyEsJQ","bhyqAGH4uRkcir9xDj7d5wq9Q3xNnOdK"
"0f4331dc-b388-4747-af0e-224ab6801f80","D05","CRAM","CRAM.AOS.buoy.c0",46.210592,-89.476861,10,10,"WGS84",509,10,"lake","2016-09-19T17:00Z","2016-09-19T17:00Z","CRAM.20160919","CRAM.20160919.TOW NET.3",NA,"NEON.DOC.001194vE",NA,"tow net",1,1095,15,NA,NA,NA,"q4jXFMRo3HvA0bmq2VSfPS/SCAqyEsJQ","bhyqAGH4uRkcir9xDj7d5wq9Q3xNnOdK"
"d442c52b-3cdc-42c1-be0d-746ac8793a2e","D05","CRAM","CRAM.AOS.inlet",46.207952,-89.476174,0.1,10,"WGS84",511.7,0,"lake","2016-09-19T17:00Z","2016-09-19T17:00Z","CRAM.20160919","CRAM.20160919.SCHINDLER.2",NA,"NEON.DOC.001194vE",NA,"Schindler-Patalas",2,24,0.5,0.6,NA,NA,"q4jXFMRo3HvA0bmq2VSfPS/SCAqyEsJQ","bhyqAGH4uRkcir9xDj7d5wq9Q3xNnOdK"
"dc2ef3d6-7dd7-4572-926a-7e199dd60ff7","D05","CRAM","CRAM.AOS.buoy.c0",46.210592,-89.476861,10,10,"WGS84",509,10,"lake","2017-05-03T15:01Z","2017-05-03T15:01Z","CRAM.20170503","CRAM.20170503.TOWNET.3",NA,"NEON.DOC.001194vE",NA,"tow net",1,1095,15,NA,NA,NA,"bhyqAGH4uRkcir9xDj7d5wq9Q3xNnOdK","LL/gXdi67ChATGHykkFndmRsC1FLwT9Uy/k3XDb3nRk="
"1189ac1e-509f-4fb8-8416-c57ba2d98d58","D05","CRAM","CRAM.AOS.inlet",46.207952,-89.476174,0.1,10,"WGS84",511.7,0,"lake","2017-05-03T15:01Z","2017-05-03T15:01Z","CRAM.20170503","CRAM.20170503.SCHINDLER.2",NA,"NEON.DOC.001194vE",NA,"Schindler-Patalas",2,24,0.5,0.6,NA,NA,"bhyqAGH4uRkcir9xDj7d5wq9Q3xNnOdK","LL/gXdi67ChATGHykkFndmRsC1FLwT9Uy/k3XDb3nRk="
"66a4c1cc-6cd0-4771-ac8a-1f35cc0ff279","D05","CRAM","CRAM.AOS.outlet",46.211998,-89.474475,0.1,10,"WGS84",511.8,0,"lake","2017-05-03T15:01Z","2017-05-03T15:01Z","CRAM.20170503","CRAM.20170503.SCHINDLER.1",NA,"NEON.DOC.001194vE",NA,"Schindler-Patalas",2,24,0.5,1.1,NA,NA,"bhyqAGH4uRkcir9xDj7d5wq9Q3xNnOdK","LL/gXdi67ChATGHykkFndmRsC1FLwT9Uy/k3XDb3nRk="
"f3345cb6-d843-43c4-b597-4ed41281f660","D05","CRAM","CRAM.AOS.buoy.c0",46.210592,-89.476861,10,10,"WGS84",509,10,"lake","2017-07-17T14:38Z","2017-07-17T14:38Z","CRAM.20170717","CRAM.20170717.TOWNET.3",NA,"NEON.DOC.001194vE",NA,"tow net",1,1022,14,NA,NA,NA,"9ds4/0Tj6vcWg8219oCW2PCt7/q42mvSCS1PUhFXAxM=","bhyqAGH4uRkcir9xDj7d5wq9Q3xNnOdK"
"aa7ab531-9f96-4190-9ef1-29ab9ec29804","D05","CRAM","CRAM.AOS.inlet",46.207952,-89.476174,0.1,10,"WGS84",511.7,0,"lake","2017-07-17T14:38Z","2017-07-17T14:38Z","CRAM.20170717","CRAM.20170717.SCHINDLER.2",NA,"NEON.DOC.001194vE",NA,"Schindler-Patalas",2,24,0.5,0.8,NA,NA,"9ds4/0Tj6vcWg8219oCW2PCt7/q42mvSCS1PUhFXAxM=","bhyqAGH4uRkcir9xDj7d5wq9Q3xNnOdK"
"e58491cd-556f-488a-b208-b16ac2659083","D05","CRAM","CRAM.AOS.outlet",46.211998,-89.474475,0.1,10,"WGS84",511.8,0,"lake","2017-07-17T14:38Z","2017-07-17T14:38Z","CRAM.20170717","CRAM.20170717.SCHINDLER.1",NA,"NEON.DOC.001194vE",NA,"Schindler-Patalas",2,24,0.5,1.1,NA,NA,"9ds4/0Tj6vcWg8219oCW2PCt7/q42mvSCS1PUhFXAxM=","bhyqAGH4uRkcir9xDj7d5wq9Q3xNnOdK"
"9b78a873-500b-46ab-9f7d-f726546f24f1","D05","CRAM","CRAM.AOS.inlet",46.207952,-89.476174,0.1,10,"WGS84",511.7,0,"lake","2017-09-14T14:31Z","2017-09-14T14:31Z","CRAM.20170914","CRAM.20170914.SCHINDLER.2",NA,"NEON.DOC.001194vF",NA,"Schindler-Patalas",2,24,0.5,0.5,NA,NA,"9ds4/0Tj6vcWg8219oCW2PCt7/q42mvSCS1PUhFXAxM=","bhyqAGH4uRkcir9xDj7d5wq9Q3xNnOdK"
"69457d7a-a3ff-4916-be06-f0ce7c0b8e9e","D05","CRAM","CRAM.AOS.outlet",46.211998,-89.474475,0.1,10,"WGS84",511.8,0,"lake","2017-09-14T14:31Z","2017-09-14T14:31Z","CRAM.20170914","CRAM.20170914.SCHINDLER.1",NA,"NEON.DOC.001194vF",NA,"Schindler-Patalas",2,24,0.5,1.2,NA,NA,"9ds4/0Tj6vcWg8219oCW2PCt7/q42mvSCS1PUhFXAxM=","bhyqAGH4uRkcir9xDj7d5wq9Q3xNnOdK"
"9bdc0b48-79a2-4255-a528-173fa4e85b68","D05","CRAM","CRAM.AOS.buoy.c0",46.210592,-89.476861,10,10,"WGS84",509,10,"lake","2017-09-14T14:31Z","2017-09-14T14:31Z","CRAM.20170914","CRAM.20170914.TOWNET.3",NA,"NEON.DOC.001194vF",NA,"tow net",1,1204.5,16.5,NA,NA,NA,"9ds4/0Tj6vcWg8219oCW2PCt7/q42mvSCS1PUhFXAxM=","bhyqAGH4uRkcir9xDj7d5wq9Q3xNnOdK"
"d04d9ba4-4806-453c-8ca9-48ed1d0ccba7","D05","LIRO","LIRO.AOS.buoy.c0",45.998322,-89.704766,10,10,"WGS84",502,10,"lake","2017-04-24T14:55Z","2017-04-24T14:55Z","LIRO.20170424","LIRO.20170424.TOWNET.3",NA,"NEON.DOC.001194vE",NA,"tow net",2,1189.9,8.2,8.2,NA,NA,"bhyqAGH4uRkcir9xDj7d5wq9Q3xNnOdK","LL/gXdi67ChATGHykkFndmRsC1FLwT9Uy/k3XDb3nRk="
"9c10c238-f65c-4fee-b20d-9fa24a0e245c","D05","LIRO","LIRO.AOS.inlet",45.995229,-89.706476,2.4,10,"WGS84",495.5,1.2,"lake","2017-04-24T14:55Z","2017-04-24T14:55Z","LIRO.20170424","LIRO.20170424.SCHINDLER.2",NA,"NEON.DOC.001194vE",NA,"Schindler-Patalas",2,24,0.5,1.2,NA,NA,"bhyqAGH4uRkcir9xDj7d5wq9Q3xNnOdK","LL/gXdi67ChATGHykkFndmRsC1FLwT9Uy/k3XDb3nRk="
"34d02bda-4dc4-4014-bcf6-edede4a6bc2c","D05","LIRO","LIRO.AOS.outlet",46.000596,-89.704067,2.4,10,"WGS84",496.3,1.2,"lake","2017-04-24T14:55Z","2017-04-24T14:55Z","LIRO.20170424","LIRO.20170424.SCHINDLER.1",NA,"NEON.DOC.001194vE",NA,"Schindler-Patalas",2,24,0.5,0.8,NA,NA,"bhyqAGH4uRkcir9xDj7d5wq9Q3xNnOdK","LL/gXdi67ChATGHykkFndmRsC1FLwT9Uy/k3XDb3nRk="
"e2b4f05c-fcf7-427a-a909-efd55aa3e1cb","D05","LIRO","LIRO.AOS.inlet",45.995229,-89.706476,2.4,10,"WGS84",495.5,1.2,"lake","2017-07-19T15:34Z","2017-07-19T15:34Z","LIRO.20170719","LIRO.20170719.SCHINDLER.2",NA,"NEON.DOC.001194vE",NA,"Schindler-Patalas",2,24,0.5,1,NA,NA,"9ds4/0Tj6vcWg8219oCW2PCt7/q42mvSCS1PUhFXAxM=","bhyqAGH4uRkcir9xDj7d5wq9Q3xNnOdK"
"1231f54b-6855-49ab-b9f8-108d7ad4beec","D05","LIRO","LIRO.AOS.buoy.c0",45.998322,-89.704766,10,10,"WGS84",502,10,"lake","2017-07-19T15:34Z","2017-07-19T15:34Z","LIRO.20170719","LIRO.20170719.TOWNET.3",NA,"NEON.DOC.001194vE",NA,"tow net",2,949,6.5,6.5,NA,NA,"9ds4/0Tj6vcWg8219oCW2PCt7/q42mvSCS1PUhFXAxM=","bhyqAGH4uRkcir9xDj7d5wq9Q3xNnOdK"
"78df026f-a14f-4573-887e-1a439b96f791","D05","LIRO","LIRO.AOS.outlet",46.000596,-89.704067,2.4,10,"WGS84",496.3,1.2,"lake","2017-07-19T15:34Z","2017-07-19T15:34Z","LIRO.20170719","LIRO.20170719.SCHINDLER.1",NA,"NEON.DOC.001194vE",NA,"Schindler-Patalas",2,24,0.5,0.7,NA,NA,"9ds4/0Tj6vcWg8219oCW2PCt7/q42mvSCS1PUhFXAxM=","bhyqAGH4uRkcir9xDj7d5wq9Q3xNnOdK"
"fbe95ed3-6e2f-4bac-a70f-cde8aa900e31","D05","LIRO","LIRO.AOS.buoy.c0",45.998322,-89.704766,10,10,"WGS84",502,10,"lake","2017-09-06T15:09Z","2017-09-06T15:09Z","LIRO.20170906","LIRO.20170906.TOWNET.3",NA,"NEON.DOC.001194vE",NA,"tow net",2,949,6.5,6.5,NA,NA,"9ds4/0Tj6vcWg8219oCW2PCt7/q42mvSCS1PUhFXAxM=","LL/gXdi67ChATGHykkFndmRsC1FLwT9Uy/k3XDb3nRk="
"a68b7d37-5dbb-4690-bafb-0e7f07d8865a","D05","LIRO","LIRO.AOS.inlet",45.995229,-89.706476,2.4,10,"WGS84",495.5,1.2,"lake","2017-09-06T15:09Z","2017-09-06T15:09Z","LIRO.20170906","LIRO.20170906.SCHINDLER.2",NA,"NEON.DOC.001194vE",NA,"Schindler-Patalas",2,24,0.5,0.7,NA,NA,"9ds4/0Tj6vcWg8219oCW2PCt7/q42mvSCS1PUhFXAxM=","LL/gXdi67ChATGHykkFndmRsC1FLwT9Uy/k3XDb3nRk="
"853726d8-bcf1-4e74-b305-fbde4aa5e253","D05","LIRO","LIRO.AOS.outlet",46.000596,-89.704067,2.4,10,"WGS84",496.3,1.2,"lake","2017-09-06T15:09Z","2017-09-06T15:09Z","LIRO.20170906","LIRO.20170906.SCHINDLER.1",NA,"NEON.DOC.001194vE",NA,"Schindler-Patalas",2,24,0.5,0.7,NA,NA,"9ds4/0Tj6vcWg8219oCW2PCt7/q42mvSCS1PUhFXAxM=","LL/gXdi67ChATGHykkFndmRsC1FLwT9Uy/k3XDb3nRk="
"0bd73312-b4d1-4e64-a684-4082d124edf7","D09","PRLA","PRLA.AOS.buoy.c0",47.159718,-99.118723,10,10,"WGS84",561,10,"lake","2014-07-09T17:00Z","2014-07-09T17:00Z","PRLA.20140709","PRLA.20140709.TOWNET.DEEPEST2",NA,"NEON.DOC.001194vA",NA,"tow net",2,394.2,2.7,2.7,NA,"Two seperate composite samples collected at location. Above represents 2 of 2 composite samples taken.","4oCBvlQIQ4DhSH30J22+0bs0GAacIQwk","4oCBvlQIQ4DhSH30J22+0bs0GAacIQwk"
"95aa8c06-4d3b-450d-a2bf-7f1f4f8784d5","D09","PRLA","PRLA.AOS.buoy.c0",47.159718,-99.118723,10,10,"WGS84",561,10,"lake","2014-07-09T17:00Z","2014-07-09T17:00Z","PRLA.20140709","PRLA.20140709.TOWNET.DEEPEST1",NA,"NEON.DOC.001194vA",NA,"tow net",2,394.2,2.7,2.7,NA,"Two seperate composite samples collected at location. Above represents 1 of 2 composite samples taken.","4oCBvlQIQ4DhSH30J22+0bs0GAacIQwk","4oCBvlQIQ4DhSH30J22+0bs0GAacIQwk"
"a8f2f3a2-313e-4a2e-8dd6-1d64b7da696d","D09","PRLA","PRLA.AOS.inlet",47.158845,-99.114183,0.1,10,"WGS84",562.9,0,"lake","2014-07-09T17:00Z","2014-07-09T17:00Z","PRLA.20140709","PRLA.20140709.SCHINDLER.INLET2",NA,"NEON.DOC.001194vA",NA,"Schindler-Patalas",6,72,0.5,NA,NA,"Two seperate composite samples collected at location. Above represents 2 of 2 composite samples taken. Alternate sampling location N47.158833 W99.114133.","4oCBvlQIQ4DhSH30J22+0bs0GAacIQwk","4oCBvlQIQ4DhSH30J22+0bs0GAacIQwk"
"a05da59d-7856-462c-92d0-e757dd3b26fb","D09","PRLA","PRLA.AOS.inlet",47.158845,-99.114183,0.1,10,"WGS84",562.9,0,"lake","2014-07-09T17:00Z","2014-07-09T17:00Z","PRLA.20140709","PRLA.20140709.SCHINDLER.INLET1",NA,"NEON.DOC.001194vA",NA,"Schindler-Patalas",8,96,1,NA,NA,"Two seperate composite samples collected at location. Above represents 1 of 2 composite samples taken. Alternate sampling location N47.158833 W99.114133","4oCBvlQIQ4DhSH30J22+0bs0GAacIQwk","4oCBvlQIQ4DhSH30J22+0bs0GAacIQwk"
"e6289af9-0c6c-41b2-b8d7-9fbf85aafb47","D09","PRLA","PRLA.AOS.outlet",47.160881,-99.120245,0.1,10,"WGS84",562.9,0,"lake","2014-07-09T17:00Z","2014-07-09T17:00Z","PRLA.20140709","PRLA.20140709.SCHINDLER.OUTLET2",NA,"NEON.DOC.001194vA",NA,"Schindler-Patalas",6,72,0.5,NA,NA,"Two seperate composite samples collected at location. Above represents 1 of 2 composite samples taken. Alternate sampling location N47.1608 W99.120383","4oCBvlQIQ4DhSH30J22+0bs0GAacIQwk","4oCBvlQIQ4DhSH30J22+0bs0GAacIQwk"
"951781fb-0abb-4795-b38c-472c1afd189c","D09","PRLA","PRLA.AOS.outlet",47.160881,-99.120245,0.1,10,"WGS84",562.9,0,"lake","2014-07-09T17:00Z","2014-07-09T17:00Z","PRLA.20140709","PRLA.20140709.SCHINDLER.OUTLET1",NA,"NEON.DOC.001194vA",NA,"Schindler-Patalas",6,72,1,NA,NA,"Two seperate composite samples collected at location. Above represents 2 of 2 composite samples taken. Alternate sampling location N47.1608 W99.120383","4oCBvlQIQ4DhSH30J22+0bs0GAacIQwk","4oCBvlQIQ4DhSH30J22+0bs0GAacIQwk"
"a2332d2f-ddfa-47f7-94b9-347278ae9925","D09","PRLA","PRLA.AOS.outlet",47.160881,-99.120245,0.1,10,"WGS84",562.9,0,"lake","2014-09-25T17:00Z","2014-09-25T17:00Z","PRLA.20140925","PRLA.20140925.SCHINDLER.1",NA,"NEON.DOC.001194vB",NA,"Schindler-Patalas",2,24,0.5,0.5,NA,"alternate sampling location; N47.16092 W99.12029","9hOSS3gpVvHUvdbHcI4XlVp94UoAF+Qh","4oCBvlQIQ4DhSH30J22+0bs0GAacIQwk"
"cc5d4ffa-cd02-4b9a-8e90-672b39646b4d","D09","PRLA","PRLA.AOS.buoy.c0",47.159718,-99.118723,10,10,"WGS84",561,10,"lake","2014-09-25T17:00Z","2014-09-25T17:00Z","PRLA.20140925","PRLA.20140925.TOW.3",NA,"NEON.DOC.001194vB",NA,"tow net",2,379.6,2.6,2.6,NA,"alternate sampling location; N47.15979 W99.11880","9hOSS3gpVvHUvdbHcI4XlVp94UoAF+Qh","4oCBvlQIQ4DhSH30J22+0bs0GAacIQwk"
"1a0b0b4e-0ec1-4c76-a375-bc4b12f74632","D09","PRLA","PRLA.AOS.inlet",47.158845,-99.114183,0.1,10,"WGS84",562.9,0,"lake","2014-09-25T17:00Z","2014-09-25T17:00Z","PRLA.20140925","PRLA.20140925.SCHINDLER.2",NA,"NEON.DOC.001194vB",NA,"Schindler-Patalas",2,24,0.5,1,NA,"alternate sampling location; N47.15887 W99.11418","9hOSS3gpVvHUvdbHcI4XlVp94UoAF+Qh","4oCBvlQIQ4DhSH30J22+0bs0GAacIQwk"
"bc310e6e-52eb-4e21-860f-d2e3723ba383","D09","PRLA","PRLA.AOS.buoy.c0",47.159718,-99.118723,10,10,"WGS84",561,10,"lake","2015-05-12T17:00Z","2015-05-12T17:00Z","PRLA.20150512","PRLA.20150512.TOW NET.2",NA,"NEON.DOC.001194vC",NA,"tow net",2,262.8,1.8,1.8,NA,NA,"4oCBvlQIQ4DhSH30J22+0bs0GAacIQwk","GOvgZIvQ0qQHj/ySC0OOMgunX2ZttPpr"
"5ea7a298-b2b0-408c-a39b-b9ced8308fab","D09","PRLA","PRLA.AOS.inlet",47.158845,-99.114183,0.1,10,"WGS84",562.9,0,"lake","2015-05-12T17:00Z","2015-05-12T17:00Z","PRLA.20150512","PRLA.20150512.SCHINDLER.1",NA,"NEON.DOC.001194vC",NA,"Schindler-Patalas",2,24,0.5,0.5,NA,NA,"4oCBvlQIQ4DhSH30J22+0bs0GAacIQwk","GOvgZIvQ0qQHj/ySC0OOMgunX2ZttPpr"
"4bc71696-9217-4c8b-aadc-ff2b66064675","D09","PRLA","PRLA.AOS.outlet",47.160881,-99.120245,0.1,10,"WGS84",562.9,0,"lake","2015-05-12T17:00Z","2015-05-12T17:00Z","PRLA.20150512","PRLA.20150512.SCHINDLER.3",NA,"NEON.DOC.001194vC",NA,"Schindler-Patalas",2,24,0.5,1,NA,NA,"4oCBvlQIQ4DhSH30J22+0bs0GAacIQwk","GOvgZIvQ0qQHj/ySC0OOMgunX2ZttPpr"
"733ca7dd-9c91-4717-b8c8-09d83edda611","D09","PRLA","PRLA.AOS.buoy.c0",47.159718,-99.118723,10,10,"WGS84",561,10,"lake","2015-07-20T17:00Z","2015-07-20T17:00Z","PRLA.20150720","PRLA.20150720.SCHINDLER.3",NA,"NEON.DOC.001194vD",NA,"Schindler-Patalas",3,36,0.5,1.7,2.9,"","GOvgZIvQ0qQHj/ySC0OOMgunX2ZttPpr","4oCBvlQIQ4DhSH30J22+0bs0GAacIQwk"
"7ab41370-7b25-4909-a5f0-88e6082a6e05","D09","PRLA","PRLA.AOS.inlet",47.158845,-99.114183,0.1,10,"WGS84",562.9,0,"lake","2015-07-20T17:00Z","2015-07-20T17:00Z","PRLA.20150720","PRLA.20150720.SCHINDLER.1",NA,"NEON.DOC.001194vD",NA,"Schindler-Patalas",2,24,0.5,0.6,NA,"May be a little longer than 30 min for preservation","GOvgZIvQ0qQHj/ySC0OOMgunX2ZttPpr","4oCBvlQIQ4DhSH30J22+0bs0GAacIQwk"
"9b53e461-4f72-442e-a3cc-71d0273d9a02","D09","PRLA","PRLA.AOS.outlet",47.160881,-99.120245,0.1,10,"WGS84",562.9,0,"lake","2015-07-20T17:00Z","2015-07-20T17:00Z","PRLA.20150720","PRLA.20150720.SCHINDLER.2",NA,"NEON.DOC.001194vD",NA,"Schindler-Patalas",2,24,0.5,0.5,NA,"","GOvgZIvQ0qQHj/ySC0OOMgunX2ZttPpr","4oCBvlQIQ4DhSH30J22+0bs0GAacIQwk"
"76d9ec74-8328-45f3-b31b-b542e6ad4d6b","D09","PRLA","PRLA.AOS.buoy.c0",47.159718,-99.118723,10,10,"WGS84",561,10,"lake","2015-09-22T17:00Z","2015-09-22T17:00Z","PRLA.20150922","PRLA.20150922.SCHINDLER.3",NA,"NEON.DOC.001194vD",NA,"Schindler-Patalas",3,36,0.5,1.6,2.7,NA,"Q97LKb9yzbP7tOLkuD+tPeCj3Bww5R2I","GOvgZIvQ0qQHj/ySC0OOMgunX2ZttPpr"
"b3fef94d-bdfc-4862-9aaa-d0eb00d0841e","D09","PRLA","PRLA.AOS.inlet",47.158845,-99.114183,0.1,10,"WGS84",562.9,0,"lake","2015-09-22T17:00Z","2015-09-22T17:00Z","PRLA.20150922","PRLA.20150922.SCHINDLER.1",NA,"NEON.DOC.001194vD",NA,"Schindler-Patalas",2,24,0.5,0.5,NA,NA,"Q97LKb9yzbP7tOLkuD+tPeCj3Bww5R2I","GOvgZIvQ0qQHj/ySC0OOMgunX2ZttPpr"
"623ab62f-623a-4a3b-b27f-e3cd3176f34f","D09","PRLA","PRLA.AOS.outlet",47.160881,-99.120245,0.1,10,"WGS84",562.9,0,"lake","2015-09-22T17:00Z","2015-09-22T17:00Z","PRLA.20150922","PRLA.20150922.SCHINDLER.2",NA,"NEON.DOC.001194vD",NA,"Schindler-Patalas",2,24,0.5,0.5,NA,NA,"Q97LKb9yzbP7tOLkuD+tPeCj3Bww5R2I","GOvgZIvQ0qQHj/ySC0OOMgunX2ZttPpr"
"dfbe8c91-ec29-4d87-b723-3c95f7876bbb","D09","PRLA","PRLA.AOS.inlet",47.158845,-99.114183,0.1,10,"WGS84",562.9,0,"lake","2016-04-21T17:00Z","2016-04-21T17:00Z","PRLA.20160421","PRLA.20160421.SCHINDLER.1",NA,"NEON.DOC.001194vE",NA,"Schindler-Patalas",2,24,0.5,0.5,NA,NA,"4oCBvlQIQ4DhSH30J22+0bs0GAacIQwk","6bKxt4PfnQW7gjZyn9yUN08HmJUETAiL"
"917ce0b1-f849-46c2-a0d3-3794dbc89979","D09","PRLA","PRLA.AOS.outlet",47.160881,-99.120245,0.1,10,"WGS84",562.9,0,"lake","2016-04-21T17:00Z","2016-04-21T17:00Z","PRLA.20160421","PRLA.20160421.SCHINDLER.2",NA,"NEON.DOC.001194vE",NA,"Schindler-Patalas",2,24,0.5,0.5,NA,NA,"4oCBvlQIQ4DhSH30J22+0bs0GAacIQwk","6bKxt4PfnQW7gjZyn9yUN08HmJUETAiL"
"119902ca-bb8c-44ad-9d58-ef5f33c19ac0","D09","PRLA","PRLA.AOS.buoy.c0",47.159718,-99.118723,10,10,"WGS84",561,10,"lake","2016-04-21T17:00Z","2016-04-21T17:00Z","PRLA.20160421","PRLA.20160421.SCHINDLER.3",NA,"NEON.DOC.001194vE",NA,"Schindler-Patalas",3,36,0.5,1.6,2.7,NA,"4oCBvlQIQ4DhSH30J22+0bs0GAacIQwk","6bKxt4PfnQW7gjZyn9yUN08HmJUETAiL"
"281de812-e31f-49ce-a92a-1406334f38b0","D09","PRLA","PRLA.AOS.buoy.c0",47.159718,-99.118723,10,10,"WGS84",561,10,"lake","2016-07-18T17:00Z","2016-07-18T17:00Z","PRLA.20160718","PRLA.20160718.SCHINDLER.3",NA,"NEON.DOC.001194vE",NA,"Schindler-Patalas",3,36,0.5,1.6,2.7,NA,"4oCBvlQIQ4DhSH30J22+0bs0GAacIQwk","E2nclw2Znn/P/pKe2eCqOrWupTUrW+hS"
"18e389bc-3f3d-4a48-98e4-491d8c206ba6","D09","PRLA","PRLA.AOS.inlet",47.158845,-99.114183,0.1,10,"WGS84",562.9,0,"lake","2016-07-18T17:00Z","2016-07-18T17:00Z","PRLA.20160718","PRLA.20160718.SCHINDLER.1",NA,"NEON.DOC.001194vE",NA,"Schindler-Patalas",2,24,0.5,0.5,NA,NA,"4oCBvlQIQ4DhSH30J22+0bs0GAacIQwk","E2nclw2Znn/P/pKe2eCqOrWupTUrW+hS"
"ed8812bc-6aca-4d70-bbac-6f74f0f3c2b7","D09","PRLA","PRLA.AOS.outlet",47.160881,-99.120245,0.1,10,"WGS84",562.9,0,"lake","2016-07-18T17:00Z","2016-07-18T17:00Z","PRLA.20160718","PRLA.20160718.SCHINDLER.2",NA,"NEON.DOC.001194vE",NA,"Schindler-Patalas",2,24,0.5,0.7,NA,NA,"4oCBvlQIQ4DhSH30J22+0bs0GAacIQwk","E2nclw2Znn/P/pKe2eCqOrWupTUrW+hS"
"50b904cd-2a5a-441e-98fe-1b26909c973c","D09","PRLA","PRLA.AOS.outlet",47.160881,-99.120245,0.1,10,"WGS84",562.9,0,"lake","2016-09-14T17:00Z","2016-09-14T17:00Z","PRLA.20160914","PRLA.20160914.SCHINDLER.2",NA,"NEON.DOC.001194vE",NA,"Schindler-Patalas",2,24,0.5,0.5,NA,NA,"GOvgZIvQ0qQHj/ySC0OOMgunX2ZttPpr","E2nclw2Znn/P/pKe2eCqOrWupTUrW+hS"
"6c10ad82-d5df-48c4-a616-3c7ae2b1eae9","D09","PRLA","PRLA.AOS.inlet",47.158845,-99.114183,0.1,10,"WGS84",562.9,0,"lake","2016-09-14T17:00Z","2016-09-14T17:00Z","PRLA.20160914","PRLA.20160914.SCHINDLER.1",NA,"NEON.DOC.001194vE",NA,"Schindler-Patalas",2,24,0.5,0.5,NA,NA,"GOvgZIvQ0qQHj/ySC0OOMgunX2ZttPpr","E2nclw2Znn/P/pKe2eCqOrWupTUrW+hS"
"6d1513e7-ca16-4b4f-8bb1-a0a331ac25f0","D09","PRLA","PRLA.AOS.buoy.c0",47.159718,-99.118723,10,10,"WGS84",561,10,"lake","2016-09-14T17:00Z","2016-09-14T17:00Z","PRLA.20160914","PRLA.20160914.SCHINDLER.3",NA,"NEON.DOC.001194vE",NA,"Schindler-Patalas",3,36,0.5,1.6,2.6,NA,"GOvgZIvQ0qQHj/ySC0OOMgunX2ZttPpr","E2nclw2Znn/P/pKe2eCqOrWupTUrW+hS"
"7b8a442b-3a49-43d5-93be-728ba97bfe00","D09","PRLA","PRLA.AOS.buoy.c0",47.159718,-99.118723,10,10,"WGS84",561,10,"lake","2017-04-17T17:00Z","2017-04-17T17:00Z","PRLA.20170417","PRLA.20170417.SCHINDLER.3",NA,"NEON.DOC.001194vF",NA,"Schindler-Patalas",3,36,0.5,1.6,2.7,NA,"ippAM7hgZZNrifbjRsn1EwefSeahQojc","4oCBvlQIQ4DhSH30J22+0bs0GAacIQwk"
"e0e41bfa-087c-4794-b598-e65945122d38","D09","PRLA","PRLA.AOS.inlet",47.158845,-99.114183,0.1,10,"WGS84",562.9,0,"lake","2017-04-17T17:00Z","2017-04-17T17:00Z","PRLA.20170417","PRLA.20170417.SCHINDLER.1",NA,"NEON.DOC.001194vF",NA,"Schindler-Patalas",2,24,0.5,0.5,NA,NA,"ippAM7hgZZNrifbjRsn1EwefSeahQojc","4oCBvlQIQ4DhSH30J22+0bs0GAacIQwk"
"a7690dc7-1a21-461b-a70c-3dbb9992ccbb","D09","PRLA","PRLA.AOS.outlet",47.160881,-99.120245,0.1,10,"WGS84",562.9,0,"lake","2017-04-17T17:00Z","2017-04-17T17:00Z","PRLA.20170417","PRLA.20170417.SCHINDLER.2",NA,"NEON.DOC.001194vF",NA,"Schindler-Patalas",2,24,0.5,0.5,NA,NA,"ippAM7hgZZNrifbjRsn1EwefSeahQojc","4oCBvlQIQ4DhSH30J22+0bs0GAacIQwk"
"93f50781-dab2-417a-816b-5eb67199bd39","D09","PRLA","PRLA.AOS.buoy.c0",47.159718,-99.118723,10,10,"WGS84",561,10,"lake","2017-07-10T14:56Z","2017-07-10T14:56Z","PRLA.20170710","PRLA.20170710.SCHINDLER.3",NA,"NEON.DOC.001194vE",NA,"Schindler-Patalas",3,36,0.5,1.5,2.5,"3.0m depth.","GOvgZIvQ0qQHj/ySC0OOMgunX2ZttPpr","ippAM7hgZZN9yeJU5Ijf8F5YDP8RekccKAsKIg9hHLs="
"0b4d5f0d-d954-43ba-a08b-17a5c5bb9072","D09","PRLA","PRLA.AOS.inlet",47.158845,-99.114183,0.1,10,"WGS84",562.9,0,"lake","2017-07-10T14:56Z","2017-07-10T14:56Z","PRLA.20170710","PRLA.20170710.SCHINDLER.1",NA,"NEON.DOC.001194vE",NA,"Schindler-Patalas",2,24,0.5,0.5,NA,"","GOvgZIvQ0qQHj/ySC0OOMgunX2ZttPpr","ippAM7hgZZN9yeJU5Ijf8F5YDP8RekccKAsKIg9hHLs="
"11f39951-bd33-42de-9a92-3954e2943620","D09","PRLA","PRLA.AOS.outlet",47.160881,-99.120245,0.1,10,"WGS84",562.9,0,"lake","2017-07-10T14:56Z","2017-07-10T14:56Z","PRLA.20170710","PRLA.20170710.SCHINDLER.2",NA,"NEON.DOC.001194vE",NA,"Schindler-Patalas",2,24,0.5,0.5,NA,"1.0m depth.","GOvgZIvQ0qQHj/ySC0OOMgunX2ZttPpr","ippAM7hgZZN9yeJU5Ijf8F5YDP8RekccKAsKIg9hHLs="
"20933894-734c-4635-b2ab-07ba50209c19","D09","PRLA","PRLA.AOS.buoy.c0",47.159718,-99.118723,10,10,"WGS84",561,10,"lake","2017-09-12T13:58Z","2017-09-12T13:58Z","PRLA.20170912","PRLA.20170912.SCHINDLER.3",NA,"NEON.DOC.001194vE",NA,"Schindler-Patalas",3,36,0.5,1.4,2.3,NA,"ippAM7hgZZN9yeJU5Ijf8F5YDP8RekccKAsKIg9hHLs=","4oCBvlQIQ4DhSH30J22+0bs0GAacIQwk"
"7926d376-9398-4861-9473-f0b12829a629","D09","PRLA","PRLA.AOS.inlet",47.158845,-99.114183,0.1,10,"WGS84",562.9,0,"lake","2017-09-12T13:58Z","2017-09-12T13:58Z","PRLA.20170912","PRLA.20170912.SCHINDLER.1",NA,"NEON.DOC.001194vE",NA,"Schindler-Patalas",2,24,0.5,0.5,NA,NA,"ippAM7hgZZN9yeJU5Ijf8F5YDP8RekccKAsKIg9hHLs=","4oCBvlQIQ4DhSH30J22+0bs0GAacIQwk"
"1e71a18d-2723-45b8-835e-939aa4a3cae0","D09","PRLA","PRLA.AOS.outlet",47.160881,-99.120245,0.1,10,"WGS84",562.9,0,"lake","2017-09-12T13:58Z","2017-09-12T13:58Z","PRLA.20170912","PRLA.20170912.SCHINDLER.2",NA,"NEON.DOC.001194vE",NA,"Schindler-Patalas",2,24,0.5,0.7,NA,NA,"ippAM7hgZZN9yeJU5Ijf8F5YDP8RekccKAsKIg9hHLs=","4oCBvlQIQ4DhSH30J22+0bs0GAacIQwk"
"2b2684b4-4ebd-44ad-becd-6cd67ce1f0d4","D09","PRPO","PRPO.AOS.buoy.c0",47.130692,-99.253482,10,10,"WGS84",590,10,"lake","2014-07-08T17:00Z","2014-07-08T17:00Z","PRPO.20140708","PRPO.20140708.TOWNET.DEEPEST2",NA,"NEON.DOC.001194vA",NA,"tow net",2,233.6,1.6,1.6,NA,"Sample represents 2 of 2 seperate composite samples.","4oCBvlQIQ4DhSH30J22+0bs0GAacIQwk","GOvgZIvQ0qQHj/ySC0OOMgunX2ZttPpr"
"54d27627-7bf6-423d-b8fc-2f9fbadf86df","D09","PRPO","PRPO.AOS.buoy.c0",47.130692,-99.253482,10,10,"WGS84",590,10,"lake","2014-07-08T17:00Z","2014-07-08T17:00Z","PRPO.20140708","PRPO.20140708.TOWNET.DEEPEST1",NA,"NEON.DOC.001194vA",NA,"tow net",2,233.6,1.6,1.6,NA,"Sample represents 1 of 2 seperate composite samples","4oCBvlQIQ4DhSH30J22+0bs0GAacIQwk","GOvgZIvQ0qQHj/ySC0OOMgunX2ZttPpr"
"c85ee9a9-d01b-4e5f-b110-a7b97017b1f1","D09","PRPO","PRPO.AOS.inlet",47.129671,-99.254694,0.1,10,"WGS84",591,0,"lake","2014-07-08T17:00Z","2014-07-08T17:00Z","PRPO.20140708","PRPO.20140708.SCHINDLER.OUTLET2",NA,"NEON.DOC.001194vA",NA,"Schindler-Patalas",6,72,0.5,1.5,NA,"Sample represents 2 of 2 seperate composite samples","4oCBvlQIQ4DhSH30J22+0bs0GAacIQwk","GOvgZIvQ0qQHj/ySC0OOMgunX2ZttPpr"
"0d5a920c-0e6b-45b2-a908-6d900a2848aa","D09","PRPO","PRPO.AOS.inlet",47.129671,-99.254694,0.1,10,"WGS84",591,0,"lake","2014-07-08T17:00Z","2014-07-08T17:00Z","PRPO.20140708","PRPO.20140708.SCHINDLER.OUTLET1",NA,"NEON.DOC.001194vA",NA,"Schindler-Patalas",8,96,0.5,1.5,NA,"Sample represents 1 of 2 seperate composite samples","4oCBvlQIQ4DhSH30J22+0bs0GAacIQwk","GOvgZIvQ0qQHj/ySC0OOMgunX2ZttPpr"
"f28d11d1-a65b-4bea-9eb4-3f8848ef8d0b","D09","PRPO","PRPO.AOS.outlet",47.131108,-99.250809,0.1,10,"WGS84",591.2,0,"lake","2014-07-08T17:00Z","2014-07-08T17:00Z","PRPO.20140708","PRPO.20140708.SCHINDLER.INLET2",NA,"NEON.DOC.001194vA",NA,"Schindler-Patalas",8,96,0.5,1.5,NA,"Sample represents 2 of 2 individual composite samples.","4oCBvlQIQ4DhSH30J22+0bs0GAacIQwk","GOvgZIvQ0qQHj/ySC0OOMgunX2ZttPpr"
"48364bf0-680a-48e7-8a26-ce364e269a6d","D09","PRPO","PRPO.AOS.outlet",47.131108,-99.250809,0.1,10,"WGS84",591.2,0,"lake","2014-07-08T17:00Z","2014-07-08T17:00Z","PRPO.20140708","PRPO.20140708.SCHINDLER.INLET1",NA,"NEON.DOC.001194vA",NA,"Schindler-Patalas",10,120,0.5,1.5,NA,"Sample represent 1 of 2 seperate composite samples.","4oCBvlQIQ4DhSH30J22+0bs0GAacIQwk","GOvgZIvQ0qQHj/ySC0OOMgunX2ZttPpr"
"00f3b9d4-6ca2-41ae-9356-6edc10449fb4","D09","PRPO","PRPO.AOS.inlet",47.129671,-99.254694,0.1,10,"WGS84",591,0,"lake","2014-09-23T17:00Z","2014-09-23T17:00Z","PRPO.20140923","PRPO.20140923.SCHINDLER.1",NA,"NEON.DOC.001194vB",NA,"Schindler-Patalas",2,24,0.5,1,NA,NA,"4oCBvlQIQ4DhSH30J22+0bs0GAacIQwk","4oCBvlQIQ4DhSH30J22+0bs0GAacIQwk"
"f5e1fd04-9ffc-48a8-ac90-4609c334aa86","D09","PRPO","PRPO.AOS.outlet",47.131108,-99.250809,0.1,10,"WGS84",591.2,0,"lake","2014-09-23T17:00Z","2014-09-23T17:00Z","PRPO.20140923","PRPO.20140923.SCHINDLER.2",NA,"NEON.DOC.001194vB",NA,"Schindler-Patalas",2,24,0.5,1,NA,NA,"4oCBvlQIQ4DhSH30J22+0bs0GAacIQwk","4oCBvlQIQ4DhSH30J22+0bs0GAacIQwk"
"a8188bb3-a854-451b-b437-4ae198922852","D09","PRPO","PRPO.AOS.buoy.c0",47.130692,-99.253482,10,10,"WGS84",590,10,"lake","2014-09-23T17:00Z","2014-09-23T17:00Z","PRPO.20140923","PRPO.20140923.TOW.3",NA,"NEON.DOC.001194vB",NA,"tow net",3,328.5,1.5,1.5,1.5,NA,"4oCBvlQIQ4DhSH30J22+0bs0GAacIQwk","4oCBvlQIQ4DhSH30J22+0bs0GAacIQwk"
"2d0641c9-eb37-466d-9e63-a63d97698190","D09","PRPO","PRPO.AOS.buoy.c0",47.130692,-99.253482,10,10,"WGS84",590,10,"lake","2015-05-14T17:00Z","2015-05-14T17:00Z","PRPO.20150514","PRPO.20150514.TOW NET.2",NA,"NEON.DOC.001194vC",NA,"tow net",2,116.8,0.8,0.8,NA,NA,"Glfb8KVQCs2ca8MrfE5d5cOANQu8NmNl","4oCBvlQIQ4DhSH30J22+0bs0GAacIQwk"
"f4582c12-9f96-4d56-b668-f028c966b167","D09","PRPO","PRPO.AOS.inlet",47.129671,-99.254694,0.1,10,"WGS84",591,0,"lake","2015-05-14T17:00Z","2015-05-14T17:00Z","PRPO.20150514","PRPO.20150514.SCHINDLER.1",NA,"NEON.DOC.001194vC",NA,"Schindler-Patalas",2,24,0.5,1,NA,NA,"Glfb8KVQCs2ca8MrfE5d5cOANQu8NmNl","4oCBvlQIQ4DhSH30J22+0bs0GAacIQwk"
"e54f5d6a-5ada-4c2d-a3fb-6c85f3b65380","D09","PRPO","PRPO.AOS.outlet",47.131108,-99.250809,0.1,10,"WGS84",591.2,0,"lake","2015-05-14T17:00Z","2015-05-14T17:00Z","PRPO.20150514","PRPO.20150514.SCHINDLER.3",NA,"NEON.DOC.001194vC",NA,"Schindler-Patalas",2,24,0.5,1,NA,NA,"Glfb8KVQCs2ca8MrfE5d5cOANQu8NmNl","4oCBvlQIQ4DhSH30J22+0bs0GAacIQwk"
"2ee716a8-ccd5-4484-ae43-0b726737b59c","D09","PRPO","PRPO.AOS.outlet",47.131108,-99.250809,0.1,10,"WGS84",591.2,0,"lake","2015-07-06T17:00Z","2015-07-06T17:00Z","PRPO.20150706","PRPO.20150706.SCHINDLER.2",NA,"NEON.DOC.001194vD",NA,"Schindler-Patalas",2,24,0.5,0.6,NA,NA,"GOvgZIvQ0qQHj/ySC0OOMgunX2ZttPpr","4oCBvlQIQ4DhSH30J22+0bs0GAacIQwk"
"1a887792-2d64-4007-8bd7-87aebb311b20","D09","PRPO","PRPO.AOS.inlet",47.129671,-99.254694,0.1,10,"WGS84",591,0,"lake","2015-07-06T17:00Z","2015-07-06T17:00Z","PRPO.20150706","PRPO.20150706.SCHINDLER.1",NA,"NEON.DOC.001194vD",NA,"Schindler-Patalas",2,24,0.5,0.6,NA,NA,"GOvgZIvQ0qQHj/ySC0OOMgunX2ZttPpr","4oCBvlQIQ4DhSH30J22+0bs0GAacIQwk"
"45663495-1850-43f4-860a-6917fb0df234","D09","PRPO","PRPO.AOS.buoy.c0",47.130692,-99.253482,10,10,"WGS84",590,10,"lake","2015-07-06T17:00Z","2015-07-06T17:00Z","PRPO.20150706","PRPO.20150706.SCHINDLER.3",NA,"NEON.DOC.001194vD",NA,"Schindler-Patalas",3,36,0.5,1.3,2.1,NA,"GOvgZIvQ0qQHj/ySC0OOMgunX2ZttPpr","4oCBvlQIQ4DhSH30J22+0bs0GAacIQwk"
"e97299ea-87d9-4ac2-aafc-cd6c69ba67c0","D09","PRPO","PRPO.AOS.buoy.c0",47.130692,-99.253482,10,10,"WGS84",590,10,"lake","2015-09-14T17:00Z","2015-09-14T17:00Z","PRPO.20150914","PRPO.20150914.SCHINDLER.3",NA,"NEON.DOC.001194vD",NA,"Schindler-Patalas",3,36,0.5,1.2,1.9,NA,"49AT3csB7SNH9c2JnAOTHYMNXNZpKUYr","GOvgZIvQ0qQHj/ySC0OOMgunX2ZttPpr"
"c839df93-1bcc-4146-80f8-9533da92318b","D09","PRPO","PRPO.AOS.inlet",47.129671,-99.254694,0.1,10,"WGS84",591,0,"lake","2015-09-14T17:00Z","2015-09-14T17:00Z","PRPO.20150914","PRPO.20150914.SCHINDLER.1",NA,"NEON.DOC.001194vD",NA,"Schindler-Patalas",2,24,0.5,0.5,NA,NA,"49AT3csB7SNH9c2JnAOTHYMNXNZpKUYr","GOvgZIvQ0qQHj/ySC0OOMgunX2ZttPpr"
"6c1af095-c5e1-4aaa-a57c-4590e401454d","D09","PRPO","PRPO.AOS.outlet",47.131108,-99.250809,0.1,10,"WGS84",591.2,0,"lake","2015-09-14T17:00Z","2015-09-14T17:00Z","PRPO.20150914","PRPO.20150914.SCHINDLER.2",NA,"NEON.DOC.001194vD",NA,"Schindler-Patalas",2,24,0.5,0.5,NA,NA,"49AT3csB7SNH9c2JnAOTHYMNXNZpKUYr","GOvgZIvQ0qQHj/ySC0OOMgunX2ZttPpr"
"5e9f3827-2e20-4ada-829d-38123c337f01","D09","PRPO","PRPO.AOS.inlet",47.129671,-99.254694,0.1,10,"WGS84",591,0,"lake","2016-04-26T17:00Z","2016-04-26T17:00Z","PRPO.20160426","PRPO.20160426.SCHINDLER.1",NA,"NEON.DOC.001194vE",NA,"Schindler-Patalas",2,24,0.5,0.5,NA,NA,"GOvgZIvQ0qQHj/ySC0OOMgunX2ZttPpr","6bKxt4PfnQW7gjZyn9yUN08HmJUETAiL"
"ed8a68b6-da43-4577-b6f0-96a20137b869","D09","PRPO","PRPO.AOS.outlet",47.131108,-99.250809,0.1,10,"WGS84",591.2,0,"lake","2016-04-26T17:00Z","2016-04-26T17:00Z","PRPO.20160426","PRPO.20160426.SCHINDLER.2",NA,"NEON.DOC.001194vE",NA,"Schindler-Patalas",2,24,0.5,0.5,NA,NA,"GOvgZIvQ0qQHj/ySC0OOMgunX2ZttPpr","6bKxt4PfnQW7gjZyn9yUN08HmJUETAiL"
"e0997fd3-8301-4296-bfe7-e8455d2411a0","D09","PRPO","PRPO.AOS.buoy.c0",47.130692,-99.253482,10,10,"WGS84",590,10,"lake","2016-04-26T17:00Z","2016-04-26T17:00Z","PRPO.20160426","PRPO.20160426.SCHINDLER.3",NA,"NEON.DOC.001194vE",NA,"Schindler-Patalas",3,36,0.5,1.2,1.9,NA,"GOvgZIvQ0qQHj/ySC0OOMgunX2ZttPpr","6bKxt4PfnQW7gjZyn9yUN08HmJUETAiL"
"3f7657cf-81d3-4091-b2b0-7be1015ecdb7","D09","PRPO","PRPO.AOS.buoy.c0",47.130692,-99.253482,10,10,"WGS84",590,10,"lake","2016-07-07T17:00Z","2016-07-07T17:00Z","PRPO.20160707","PRPO.20160707.SCHINDLER.3",NA,"NEON.DOC.001194vE",NA,"Schindler-Patalas",3,36,0.5,1.1,1.7,NA,"49AT3csB7SNH9c2JnAOTHYMNXNZpKUYr","4oCBvlQIQ4DhSH30J22+0bs0GAacIQwk"
"38c8a12b-79ff-4659-b48a-d76270d682fc","D09","PRPO","PRPO.AOS.inlet",47.129671,-99.254694,0.1,10,"WGS84",591,0,"lake","2016-07-07T17:00Z","2016-07-07T17:00Z","PRPO.20160707","PRPO.20160707.SCHINDLER.1",NA,"NEON.DOC.001194vE",NA,"Schindler-Patalas",2,24,0.5,0.5,NA,NA,"49AT3csB7SNH9c2JnAOTHYMNXNZpKUYr","4oCBvlQIQ4DhSH30J22+0bs0GAacIQwk"
"abcbe81e-f6e6-4ecc-9e7b-62631918d329","D09","PRPO","PRPO.AOS.outlet",47.131108,-99.250809,0.1,10,"WGS84",591.2,0,"lake","2016-07-07T17:00Z","2016-07-07T17:00Z","PRPO.20160707","PRPO.20160707.SCHINDLER.2",NA,"NEON.DOC.001194vE",NA,"Schindler-Patalas",2,24,0.5,0.6,NA,NA,"49AT3csB7SNH9c2JnAOTHYMNXNZpKUYr","4oCBvlQIQ4DhSH30J22+0bs0GAacIQwk"
"2111aa4b-0377-4612-8349-242ad8223f0e","D09","PRPO","PRPO.AOS.buoy.c0",47.130692,-99.253482,10,10,"WGS84",590,10,"lake","2016-09-12T17:00Z","2016-09-12T17:00Z","PRPO.20160912","PRPO.20160912.SCHINDLER.3",NA,"NEON.DOC.001194vE",NA,"Schindler-Patalas",3,36,0.5,1.1,1.6,NA,"E2nclw2Znn/P/pKe2eCqOrWupTUrW+hS","GOvgZIvQ0qQHj/ySC0OOMgunX2ZttPpr"
"073cc400-a746-4dd5-87a9-2cb45f2dd260","D09","PRPO","PRPO.AOS.inlet",47.129671,-99.254694,0.1,10,"WGS84",591,0,"lake","2016-09-12T17:00Z","2016-09-12T17:00Z","PRPO.20160912","PRPO.20160912.SCHINDLER.1",NA,"NEON.DOC.001194vE",NA,"Schindler-Patalas",2,24,0.5,0.5,NA,NA,"E2nclw2Znn/P/pKe2eCqOrWupTUrW+hS","GOvgZIvQ0qQHj/ySC0OOMgunX2ZttPpr"
"bf5fe115-abce-42eb-812d-65d3a6780c78","D09","PRPO","PRPO.AOS.outlet",47.131108,-99.250809,0.1,10,"WGS84",591.2,0,"lake","2016-09-12T17:00Z","2016-09-12T17:00Z","PRPO.20160912","PRPO.20160912.SCHINDLER.2",NA,"NEON.DOC.001194vE",NA,"Schindler-Patalas",2,24,0.5,0.5,NA,NA,"E2nclw2Znn/P/pKe2eCqOrWupTUrW+hS","GOvgZIvQ0qQHj/ySC0OOMgunX2ZttPpr"
"84c4df4a-394d-46bc-91c1-3b6b09ae28bf","D09","PRPO","PRPO.AOS.buoy.c0",47.130692,-99.253482,10,10,"WGS84",590,10,"lake","2017-04-27T15:00Z","2017-04-27T15:00Z","PRPO.20170427","PRPO.20170427.SCHINDLER.3",NA,"NEON.DOC.001194vE",NA,"Schindler-Patalas",2,24,0.5,0.5,NA,"incorrect depths sampled for this location","GOvgZIvQ0qQHj/ySC0OOMgunX2ZttPpr","ippAM7hgZZN9yeJU5Ijf8F5YDP8RekccKAsKIg9hHLs="
"fc9bccd1-7f81-429c-b984-b5349f6e79f6","D09","PRPO","PRPO.AOS.inlet",47.129671,-99.254694,0.1,10,"WGS84",591,0,"lake","2017-04-27T15:00Z","2017-04-27T15:00Z","PRPO.20170427","PRPO.20170427.SCHINDLER.1",NA,"NEON.DOC.001194vE",NA,"Schindler-Patalas",2,24,0.5,0.5,NA,"","GOvgZIvQ0qQHj/ySC0OOMgunX2ZttPpr","ippAM7hgZZN9yeJU5Ijf8F5YDP8RekccKAsKIg9hHLs="
"12c2874a-50d6-4bf6-ac59-7090b0b67d53","D09","PRPO","PRPO.AOS.outlet",47.131108,-99.250809,0.1,10,"WGS84",591.2,0,"lake","2017-04-27T15:00Z","2017-04-27T15:00Z","PRPO.20170427","PRPO.20170427.SCHINDLER.2",NA,"NEON.DOC.001194vE",NA,"Schindler-Patalas",2,24,0.5,0.5,NA,"","GOvgZIvQ0qQHj/ySC0OOMgunX2ZttPpr","ippAM7hgZZN9yeJU5Ijf8F5YDP8RekccKAsKIg9hHLs="
"72777252-f4fd-4a50-b45b-71460e2adef6","D09","PRPO","PRPO.AOS.buoy.c0",47.130692,-99.253482,10,10,"WGS84",590,10,"lake","2017-07-17T14:03Z","2017-07-17T14:03Z","PRPO.20170717","PRPO.20170717.SCHINDLER.3",NA,"NEON.DOC.001194vE",NA,"Schindler-Patalas",3,36,0.5,1.1,1.6,NA,"LLgkWd4CyyLi4IWRmtjAwduho90tSdzdl4CtOL/3ZgM=","4oCBvlQIQ4DhSH30J22+0bs0GAacIQwk"
"0ce1ca7c-b9c7-4c4a-ad1f-a933d140ac96","D09","PRPO","PRPO.AOS.inlet",47.129671,-99.254694,0.1,10,"WGS84",591,0,"lake","2017-07-17T14:03Z","2017-07-17T14:03Z","PRPO.20170717","PRPO.20170717.SCHINDLER.1",NA,"NEON.DOC.001194vE",NA,"Schindler-Patalas",2,24,0.5,0.6,NA,NA,"LLgkWd4CyyLi4IWRmtjAwduho90tSdzdl4CtOL/3ZgM=","4oCBvlQIQ4DhSH30J22+0bs0GAacIQwk"
"d7fb5436-cf1b-4efd-9b7b-fccd2b051051","D09","PRPO","PRPO.AOS.outlet",47.131108,-99.250809,0.1,10,"WGS84",591.2,0,"lake","2017-07-17T14:03Z","2017-07-17T14:03Z","PRPO.20170717","PRPO.20170717.SCHINDLER.2",NA,"NEON.DOC.001194vE",NA,"Schindler-Patalas",2,24,0.5,0.7,NA,NA,"LLgkWd4CyyLi4IWRmtjAwduho90tSdzdl4CtOL/3ZgM=","4oCBvlQIQ4DhSH30J22+0bs0GAacIQwk"
"e66edb17-9b54-4280-9c44-2a5423c6a168","D09","PRPO","PRPO.AOS.buoy.c0",47.130692,-99.253482,10,10,"WGS84",590,10,"lake","2017-09-18T14:03Z","2017-09-18T14:03Z","PRPO.20170918","PRPO.20170918.SCHINDLER.3",NA,"NEON.DOC.001194vE",NA,"Schindler-Patalas",3,36,0.5,1,1.4,NA,"ippAM7hgZZN9yeJU5Ijf8F5YDP8RekccKAsKIg9hHLs=","4oCBvlQIQ4DhSH30J22+0bs0GAacIQwk"
"0d2172ae-95f6-4e5b-b351-c660785c26da","D09","PRPO","PRPO.AOS.inlet",47.129671,-99.254694,0.1,10,"WGS84",591,0,"lake","2017-09-18T14:03Z","2017-09-18T14:03Z","PRPO.20170918","PRPO.20170918.SCHINDLER.1",NA,"NEON.DOC.001194vE",NA,"Schindler-Patalas",2,24,0.5,0.5,NA,NA,"ippAM7hgZZN9yeJU5Ijf8F5YDP8RekccKAsKIg9hHLs=","4oCBvlQIQ4DhSH30J22+0bs0GAacIQwk"
"8f027f48-1bc0-4951-a053-bb7c65d116d4","D09","PRPO","PRPO.AOS.outlet",47.131108,-99.250809,0.1,10,"WGS84",591.2,0,"lake","2017-09-18T14:03Z","2017-09-18T14:03Z","PRPO.20170918","PRPO.20170918.SCHINDLER.2",NA,"NEON.DOC.001194vE",NA,"Schindler-Patalas",2,24,0.5,0.6,NA,NA,"ippAM7hgZZN9yeJU5Ijf8F5YDP8RekccKAsKIg9hHLs=","4oCBvlQIQ4DhSH30J22+0bs0GAacIQwk"
"72d6ba89-84f3-4850-aeb8-68201a0af422","D18","TOOK","TOOK.AOS.buoy.c0",68.630699,-149.611405,10,10,"WGS84",715,10,"lake","2016-08-10T20:00Z","2016-08-10T20:00Z","TOOK.20160810","TOOK.20160810.TOW NET.1",NA,"NEON.DOC.001194vE",NA,"tow net",2,2701,18.5,18.5,NA,"","9tyDtYWrddykkp/4aSTvpSEVYHdyPPZZ","ZxyPXlkHc9aZKanst/6P7MIzk5z+9DHi"
"f9ce9ca4-241e-4282-b208-73bb618e69ce","D18","TOOK","TOOK.AOS.inlet",68.625566,-149.59536,0.1,10,"WGS84",717.3,0,"lake","2016-08-10T20:00Z","2016-08-10T20:00Z","TOOK.20160810","TOOK.20160810.SCHINDLER.3",NA,"NEON.DOC.001194vE",NA,"Schindler-Patalas",2,24,0.5,0.5,NA,"Alt Sampling Location: 68.62569, 149.59813","9tyDtYWrddykkp/4aSTvpSEVYHdyPPZZ","ZxyPXlkHc9aZKanst/6P7MIzk5z+9DHi"
"12566ae0-9fdb-4439-96af-6f95ffeb96c9","D18","TOOK","TOOK.AOS.outlet",68.640502,-149.596089,0.1,10,"WGS84",717,0,"lake","2016-08-10T20:00Z","2016-08-10T20:00Z","TOOK.20160810","TOOK.20160810.SCHINDLER.2",NA,"NEON.DOC.001194vE",NA,"Schindler-Patalas",2,24,0.5,0.5,NA,"Alt Sampling location: 68.64052, 149.59557","9tyDtYWrddykkp/4aSTvpSEVYHdyPPZZ","ZxyPXlkHc9aZKanst/6P7MIzk5z+9DHi"
"a9341d39-abfc-4951-ae87-f4dbfaf1c561","D18","TOOK","TOOK.AOS.buoy.c0",68.630699,-149.611405,10,10,"WGS84",715,10,"lake","2017-06-26T00:42Z","2017-06-26T00:42Z","TOOK.20170625","TOOK.20170625.TOWNET.3",NA,"NEON.DOC.001194vE",NA,"tow net",1,1423.5,19.5,NA,NA,NA,"xIt9ybNkjihQCNSGffGdH8BJXo6VVNxB","auwO1AdYG0l146shVrCiDwc9PpewLoCR/eZwBXijayw="
"c01a2179-6125-4e2c-ae34-997bf76763b1","D18","TOOK","TOOK.AOS.inlet",68.625566,-149.59536,0.1,10,"WGS84",717.3,0,"lake","2017-06-26T00:42Z","2017-06-26T00:42Z","TOOK.20170625","TOOK.20170625.SCHINDLER.1",NA,"NEON.DOC.001194vE",NA,"Schindler-Patalas",2,24,0.5,1,NA,NA,"xIt9ybNkjihQCNSGffGdH8BJXo6VVNxB","auwO1AdYG0l146shVrCiDwc9PpewLoCR/eZwBXijayw="
"0ad1d266-c4c2-4428-83f6-282cf2cba91f","D18","TOOK","TOOK.AOS.outlet",68.640502,-149.596089,0.1,10,"WGS84",717,0,"lake","2017-06-26T00:42Z","2017-06-26T00:42Z","TOOK.20170625","TOOK.20170625.SCHINDLER.2",NA,"NEON.DOC.001194vE",NA,"Schindler-Patalas",3,36,0.5,1.3,2,NA,"xIt9ybNkjihQCNSGffGdH8BJXo6VVNxB","auwO1AdYG0l146shVrCiDwc9PpewLoCR/eZwBXijayw="
"ae3a3abd-84ed-4690-8bda-eb0fb80d4723","D18","TOOK","TOOK.AOS.buoy.c0",68.630699,-149.611405,10,10,"WGS84",715,10,"lake","2017-07-26T23:06Z","2017-07-26T23:06Z","TOOK.20170726","TOOK.20170726.TOWNET.3",NA,"NEON.DOC.001194vE",NA,"tow net",1,1387,19,NA,NA,"","xIt9ybNkjihQCNSGffGdH8BJXo6VVNxB","auwO1AdYG0l146shVrCiDwc9PpewLoCR/eZwBXijayw="
"469b144b-9757-4db7-987f-41e3c20f484d","D18","TOOK","TOOK.AOS.inlet",68.625566,-149.59536,0.1,10,"WGS84",717.3,0,"lake","2017-07-26T23:06Z","2017-07-26T23:06Z","TOOK.20170726","TOOK.20170726.SCHINDLER.1",NA,"NEON.DOC.001194vE",NA,"Schindler-Patalas",2,24,0.5,0.5,NA,"Alternate sampling location N68.62557 W 149.69821","xIt9ybNkjihQCNSGffGdH8BJXo6VVNxB","auwO1AdYG0l146shVrCiDwc9PpewLoCR/eZwBXijayw="
"1b9c44be-2294-46ca-b8fb-29e136cfbbcd","D18","TOOK","TOOK.AOS.outlet",68.640502,-149.596089,0.1,10,"WGS84",717,0,"lake","2017-07-26T23:06Z","2017-07-26T23:06Z","TOOK.20170726","TOOK.20170726.SCHINDLER.2",NA,"NEON.DOC.001194vE",NA,"Schindler-Patalas",2,24,0.5,1,NA,"","xIt9ybNkjihQCNSGffGdH8BJXo6VVNxB","auwO1AdYG0l146shVrCiDwc9PpewLoCR/eZwBXijayw="
"8462862b-578a-4837-acfe-378939a78ad2","D18","TOOK","TOOK.AOS.buoy.c0",68.630699,-149.611405,10,10,"WGS84",715,10,"lake","2017-09-07T00:53Z","2017-09-07T00:53Z","TOOK.20170906","TOOK.20170906.TOWNET.3",NA,"NEON.DOC.001194vE",NA,"tow net",1,1387,19,NA,NA,NA,"xIt9ybNkjihQCNSGffGdH8BJXo6VVNxB","auwO1AdYG0l146shVrCiDwc9PpewLoCR/eZwBXijayw="
"2fcd9fee-3316-42e2-826a-57394b57771c","D18","TOOK","TOOK.AOS.inlet",68.625566,-149.59536,0.1,10,"WGS84",717.3,0,"lake","2017-09-07T00:53Z","2017-09-07T00:53Z","TOOK.20170906","TOOK.20170906.SCHINDLER.1",NA,"NEON.DOC.001194vE",NA,"Schindler-Patalas",2,24,1,1,NA,NA,"xIt9ybNkjihQCNSGffGdH8BJXo6VVNxB","auwO1AdYG0l146shVrCiDwc9PpewLoCR/eZwBXijayw="
"292d1fb0-b0b7-4457-a424-3df1521504be","D18","TOOK","TOOK.AOS.outlet",68.640502,-149.596089,0.1,10,"WGS84",717,0,"lake","2017-09-07T00:53Z","2017-09-07T00:53Z","TOOK.20170906","TOOK.20170906.SCHINDLER.2",NA,"NEON.DOC.001194vE",NA,"Schindler-Patalas",2,24,1,1,NA,NA,"xIt9ybNkjihQCNSGffGdH8BJXo6VVNxB","auwO1AdYG0l146shVrCiDwc9PpewLoCR/eZwBXijayw="
