"uid","domainID","siteID","namedLocation","startDate","collectDate","sampleID","sampleCode","scientificName","morphospeciesID","referenceCount","referenceID","referenceCode","laboratoryName"
"1210de93-2e45-48b4-82b4-8aac126b41eb","D03","BARC","BARC.AOS.buoy.c0","2014-07-02T16:00Z","2014-07-02T16:00Z","BARC.BOUY.20140702.ZOO",NA,"Dipleuchlanis propatula","",1,NA,NA,"EcoAnalysts Inc."
"268a1250-42e9-4650-ba93-43893f7a40ff","D03","BARC","BARC.AOS.buoy.c0","2014-07-02T16:00Z","2014-07-02T16:00Z","BARC.BOUY.20140702.ZOO",NA,"Hesperodiaptomus augustaensis","",1,NA,NA,"EcoAnalysts Inc."
"a9bd78f9-60fc-4660-99da-8e1437507e46","D03","BARC","BARC.AOS.buoy.c0","2014-07-02T16:00Z","2014-07-02T16:00Z","BARC.BOUY.20140702.ZOO",NA,"Trichocerca similis","",1,NA,NA,"EcoAnalysts Inc."
"59bc3d8f-54ab-41e6-b8ef-18d18078cf31","D03","BARC","BARC.AOS.buoy.c0","2014-07-02T16:00Z","2014-07-02T16:00Z","BARC.BOUY.20140702.ZOO",NA,"Lecane mira","",1,NA,NA,"EcoAnalysts Inc."
"a139d8fb-aa7e-457b-9727-236d350d037a","D03","BARC","BARC.AOS.buoy.c0","2014-07-02T16:00Z","2014-07-02T16:00Z","BARC.BOUY.20140702.ZOO",NA,"Calanoida sp.","copepodites",1,NA,NA,"EcoAnalysts Inc."
"cc57d079-8fed-4b8a-8f9c-7909afcba440","D03","BARC","BARC.AOS.buoy.c0","2014-07-02T16:00Z","2014-07-02T16:00Z","BARC.BOUY.20140702.ZOO",NA,"Lecane inermis","",1,NA,NA,"EcoAnalysts Inc."
"9d2362fa-05bb-4975-a3b5-a18fb5a0ab4d","D03","BARC","BARC.AOS.buoy.c0","2014-07-02T16:00Z","2014-07-02T16:00Z","BARC.BOUY.20140702.ZOO",NA,"Cyclopoida sp.","copepodites",1,NA,NA,"EcoAnalysts Inc."
"4b0f378c-05ad-4ec9-967a-1a0d12765ea8","D03","BARC","BARC.AOS.buoy.c0","2014-07-02T16:00Z","2014-07-02T16:00Z","BARC.BOUY.20140702.ZOO",NA,"Copepoda sp.","nauplii",1,NA,NA,"EcoAnalysts Inc."
"76e88562-f931-49e5-a8da-89eb72f162f7","D03","BARC","BARC.AOS.buoy.c0","2014-07-02T16:00Z","2014-07-02T16:00Z","BARC.BOUY.20140702.ZOO",NA,"Skistodiaptomus mississippiensis","",1,NA,NA,"EcoAnalysts Inc."
"df1658fe-dbcd-42f3-9582-58926c5d8a64","D03","BARC","BARC.AOS.buoy.c0","2014-07-02T16:00Z","2014-07-02T16:00Z","BARC.BOUY.20140702.ZOO",NA,"Rotifera sp.","",1,NA,NA,"EcoAnalysts Inc."
"2257fb0b-35d8-43a5-96ad-0b8079a8fbbc","D03","BARC","BARC.AOS.buoy.c0","2014-07-02T16:00Z","2014-07-02T16:00Z","BARC.BOUY.20140702.ZOO",NA,"Monostyla bulla","",1,NA,NA,"EcoAnalysts Inc."
"1cb37235-1035-4733-a59d-ad1c108e981e","D03","BARC","BARC.AOS.inlet","2014-07-02T16:00Z","2014-07-02T16:00Z","BARC.IN.20140702.ZOO",NA,"Acroperus harpae","",1,NA,NA,"EcoAnalysts Inc."
"008f3cc6-96c1-4f0d-ba5d-1e7b3a2e8de9","D03","BARC","BARC.AOS.inlet","2014-07-02T16:00Z","2014-07-02T16:00Z","BARC.IN.20140702.ZOO",NA,"Gastropus stylifer","",1,NA,NA,"EcoAnalysts Inc."
"6e594f5b-f78e-4e7a-b99f-307f49d00f63","D03","BARC","BARC.AOS.outlet","2014-07-02T16:00Z","2014-07-02T16:00Z","BARC.OUT.20140702.ZOO",NA,"Lecane leontina","",1,NA,NA,"EcoAnalysts Inc."
"8c06a5bf-d77d-42d1-a6f6-b60e2b18efd7","D03","BARC","BARC.AOS.outlet","2014-07-02T16:00Z","2014-07-02T16:00Z","BARC.OUT.20140702.ZOO",NA,"Chydorus sphaericus","",1,NA,NA,"EcoAnalysts Inc."
"c87a9092-849e-4c1c-b0de-a190c4047597","D03","BARC","BARC.AOS.outlet","2014-07-02T16:00Z","2014-07-02T16:00Z","BARC.OUT.20140702.ZOO",NA,"Ptygura brachiata","",1,NA,NA,"EcoAnalysts Inc."
"1284f8f6-eaf4-44d6-9a8a-c62583f3ce87","D03","BARC","BARC.AOS.outlet","2014-07-02T16:00Z","2014-07-02T16:00Z","BARC.OUT.20140702.ZOO",NA,"Macrothricidae sp.","",1,NA,NA,"EcoAnalysts Inc."
"55a7af6a-6941-42cb-a23c-330d663b93e4","D03","BARC","BARC.AOS.outlet","2014-07-02T16:00Z","2014-07-02T16:00Z","BARC.OUT.20140702.ZOO",NA,"Latonopsis occidentalis","",1,NA,NA,"EcoAnalysts Inc."
"f35f503a-b3bf-4d9d-856a-3ab124fb7af7","D03","BARC","BARC.AOS.outlet","2014-07-02T16:00Z","2014-07-02T16:00Z","BARC.OUT.20140702.ZOO",NA,"Tropocyclops prasinus mexicanus","",1,NA,NA,"EcoAnalysts Inc."
"0f1f34e5-c24d-43a2-8afb-72fca7eec2e8","D03","BARC","BARC.AOS.outlet","2014-07-02T16:00Z","2014-07-02T16:00Z","BARC.OUT.20140702.ZOO",NA,"Oxyurella sp.","",1,NA,NA,"EcoAnalysts Inc."
"724b1603-fdff-470e-b4f0-d6bcce5b8b0b","D03","BARC","BARC.AOS.outlet","2014-07-02T16:00Z","2014-07-02T16:00Z","BARC.OUT.20140702.ZOO",NA,"Lepadella sp.","",1,NA,NA,"EcoAnalysts Inc."
"e6d7531d-9c69-4e78-be19-417052f326e3","D03","BARC","BARC.AOS.inlet","2015-02-18T17:00Z","2015-02-18T17:00Z","BARC.20150218.TOW.2",NA,"Lecane ligona",NA,1,NA,NA,"EcoAnalysts Inc."
"7fbca636-4530-476a-b13a-5002d2ce2a45","D03","BARC","BARC.AOS.buoy.c0","2015-02-18T17:00Z","2015-02-18T17:00Z","BARC.20150218.TOW.1",NA,"Alonella sp.",NA,1,NA,NA,"EcoAnalysts Inc."
"86e78b33-2583-485e-b616-d45b8d8343e5","D03","BARC","BARC.AOS.buoy.c0","2015-07-01T16:00Z","2015-07-01T16:00Z","BARC.20150701.TOW NET.1",NA,"Gastropus stylifer","",NA,NA,NA,"EcoAnalysts Inc."
"209cbc51-a026-4e56-ac10-079004a9cc7b","D03","BARC","BARC.AOS.buoy.c0","2015-07-01T16:00Z","2015-07-01T16:00Z","BARC.20150701.TOW NET.1",NA,"Lecane mira","",NA,NA,NA,"EcoAnalysts Inc."
"9cac3858-a968-43d9-9600-78ba751b62a1","D03","BARC","BARC.AOS.outlet","2015-07-01T16:00Z","2015-07-01T16:00Z","BARC.20150701.SCHINDLER.3",NA,"Chydoridae sp.","",NA,NA,NA,"EcoAnalysts Inc."
"aa0d6668-3cf6-4ddb-8340-69b4e7c60f86","D03","BARC","BARC.AOS.outlet","2015-07-01T16:00Z","2015-07-01T16:00Z","BARC.20150701.SCHINDLER.3",NA,"Polyarthra sp.","",NA,NA,NA,"EcoAnalysts Inc."
"9ea66a9a-40ac-4872-b725-952e512e3203","D03","BARC","BARC.AOS.buoy.c0","2015-07-01T16:00Z","2015-07-01T16:00Z","BARC.20150701.TOW NET.1",NA,"Skistodiaptomus mississippiensis","",NA,NA,NA,"EcoAnalysts Inc."
"977f06aa-7242-42ce-aaa5-c2092cf9fb40","D03","BARC","BARC.AOS.buoy.c0","2015-07-01T16:00Z","2015-07-01T16:00Z","BARC.20150701.TOW NET.1",NA,"Calanoida sp.","copepodites",NA,NA,NA,"EcoAnalysts Inc."
"1e3b7188-05c2-44d0-ad21-54ecfaa1e8f7","D03","BARC","BARC.AOS.buoy.c0","2015-07-01T16:00Z","2015-07-01T16:00Z","BARC.20150701.TOW NET.1",NA,"Cyclopoida sp.","copepodites",NA,NA,NA,"EcoAnalysts Inc."
"e53ee0f8-a4ac-467d-a1f5-b73dd086184f","D03","BARC","BARC.AOS.buoy.c0","2015-07-01T16:00Z","2015-07-01T16:00Z","BARC.20150701.TOW NET.1",NA,"Keratella taurocephala","",NA,NA,NA,"EcoAnalysts Inc."
"071a2b98-8050-4b5d-85ad-e13d259a3f47","D03","BARC","BARC.AOS.buoy.c0","2015-07-01T16:00Z","2015-07-01T16:00Z","BARC.20150701.TOW NET.1",NA,"Synchaeta sp.","",NA,NA,NA,"EcoAnalysts Inc."
"58e68ac9-bea7-4d77-a211-bb84b55655a2","D03","BARC","BARC.AOS.outlet","2015-07-01T16:00Z","2015-07-01T16:00Z","BARC.20150701.SCHINDLER.3",NA,"Monostyla sp.","",NA,NA,NA,"EcoAnalysts Inc."
"056f1d51-68f2-4be0-9898-1249541c4706","D03","BARC","BARC.AOS.inlet","2015-07-01T16:00Z","2015-07-01T16:00Z","BARC.20150701.SCHINDLER.2",NA,"Trichocerca sp.","",NA,NA,NA,"EcoAnalysts Inc."
"dd285616-b86a-4d62-a3c2-9019984e1efb","D03","BARC","BARC.AOS.buoy.c0","2015-07-01T16:00Z","2015-07-01T16:00Z","BARC.20150701.TOW NET.1",NA,"Tropocyclops prasinus mexicanus","",NA,NA,NA,"EcoAnalysts Inc."
"ab9948f0-e2a7-477b-a973-c07b5b064d95","D03","BARC","BARC.AOS.buoy.c0","2015-07-01T16:00Z","2015-07-01T16:00Z","BARC.20150701.TOW NET.1",NA,"Asplanchna priodonta","",NA,NA,NA,"EcoAnalysts Inc."
"0dc1f007-96e0-4eb9-826f-01fc664eadee","D03","BARC","BARC.AOS.buoy.c0","2015-07-01T16:00Z","2015-07-01T16:00Z","BARC.20150701.TOW NET.1",NA,"Arctodiaptomus floridanus","",NA,NA,NA,"EcoAnalysts Inc."
"26a3e813-7c9f-4448-9eff-80e183dc6f76","D03","BARC","BARC.AOS.buoy.c0","2015-07-01T16:00Z","2015-07-01T16:00Z","BARC.20150701.TOW NET.1",NA,"Copepoda sp.","nauplii",NA,NA,NA,"EcoAnalysts Inc."
"dbfa7359-0787-4483-b99c-358a36a5f8bd","D03","BARC","BARC.AOS.outlet","2015-07-01T16:00Z","2015-07-01T16:00Z","BARC.20150701.SCHINDLER.3",NA,"Acroperus harpae","",NA,NA,NA,"EcoAnalysts Inc."
"d00898a5-0a2f-40e2-99a3-435a69357ed7","D03","BARC","BARC.AOS.outlet","2015-07-01T16:00Z","2015-07-01T16:00Z","BARC.20150701.SCHINDLER.3",NA,"Macrothricidae sp.","",NA,NA,NA,"EcoAnalysts Inc."
"4f12526b-48cd-4487-abb8-784dcd544c2c","D03","BARC","BARC.AOS.buoy.c0","2015-11-05T17:00Z","2015-11-05T17:00Z","BARC.20151105.TOW NET.1",NA,"Gastropus stylifer","",NA,NA,NA,"EcoAnalysts Inc."
"286d6b42-1bd4-4127-afb0-a63c1122c1f7","D03","BARC","BARC.AOS.buoy.c0","2015-11-05T17:00Z","2015-11-05T17:00Z","BARC.20151105.TOW NET.1",NA,"Calanoida sp.","copepodites",NA,NA,NA,"EcoAnalysts Inc."
"27b8ec6d-72c8-4ab5-a2f1-617d7e0be388","D03","BARC","BARC.AOS.outlet","2015-11-05T17:00Z","2015-11-05T17:00Z","BARC.20151105.SCHINDLER.3",NA,"Ploesoma lenticulare","",NA,NA,NA,"EcoAnalysts Inc."
"b23b8cc7-4c8f-412c-8b49-19b41b594ec3","D03","BARC","BARC.AOS.outlet","2015-11-05T17:00Z","2015-11-05T17:00Z","BARC.20151105.SCHINDLER.3",NA,"Bdelloidea sp.","",NA,NA,NA,"EcoAnalysts Inc."
"6ab58be8-4d37-4958-9582-b4365f3e356b","D03","BARC","BARC.AOS.outlet","2015-11-05T17:00Z","2015-11-05T17:00Z","BARC.20151105.SCHINDLER.3",NA,"Polyarthra sp.","",NA,NA,NA,"EcoAnalysts Inc."
"738efbc0-93d7-487c-88d0-bad98eff6283","D03","BARC","BARC.AOS.inlet","2015-11-05T17:00Z","2015-11-05T17:00Z","BARC.20151105.TOW NET.2",NA,"Acroperus harpae","",NA,NA,NA,"EcoAnalysts Inc."
"691d5854-803a-44b7-86f5-5e496a5993a2","D03","BARC","BARC.AOS.outlet","2015-11-05T17:00Z","2015-11-05T17:00Z","BARC.20151105.SCHINDLER.3",NA,"Brachionus zahniseri","",NA,NA,NA,"EcoAnalysts Inc."
"0fd7b253-d896-4b60-9f73-ce8a84274196","D03","BARC","BARC.AOS.buoy.c0","2015-11-05T17:00Z","2015-11-05T17:00Z","BARC.20151105.TOW NET.1",NA,"Skistodiaptomus mississippiensis","",NA,NA,NA,"EcoAnalysts Inc."
"671063c6-e191-4277-9846-7d8cad13afb3","D03","BARC","BARC.AOS.buoy.c0","2015-11-05T17:00Z","2015-11-05T17:00Z","BARC.20151105.TOW NET.1",NA,"Synchaeta sp.","",NA,NA,NA,"EcoAnalysts Inc."
"7da94bb3-abe0-4496-a536-c193ad188b03","D03","BARC","BARC.AOS.buoy.c0","2015-11-05T17:00Z","2015-11-05T17:00Z","BARC.20151105.TOW NET.1",NA,"Conochilus unicornis","",NA,NA,NA,"EcoAnalysts Inc."
"f3fa1fbc-0d0b-4696-b8d5-2b03e5ca55a7","D03","BARC","BARC.AOS.buoy.c0","2015-11-05T17:00Z","2015-11-05T17:00Z","BARC.20151105.TOW NET.1",NA,"Ascomorpha ecaudis","",NA,NA,NA,"EcoAnalysts Inc."
"a87f6dd2-f7a6-4c94-8d75-e9eeba6dda52","D03","BARC","BARC.AOS.buoy.c0","2015-11-05T17:00Z","2015-11-05T17:00Z","BARC.20151105.TOW NET.1",NA,"Arctodiaptomus floridanus","",NA,NA,NA,"EcoAnalysts Inc."
"df0672a9-53b1-4b5d-80f0-cac614950152","D03","BARC","BARC.AOS.buoy.c0","2015-11-05T17:00Z","2015-11-05T17:00Z","BARC.20151105.TOW NET.1",NA,"Keratella taurocephala","",NA,NA,NA,"EcoAnalysts Inc."
"189ee9f3-c410-4316-87e5-276bf1bf32d0","D03","BARC","BARC.AOS.buoy.c0","2015-11-05T17:00Z","2015-11-05T17:00Z","BARC.20151105.TOW NET.1",NA,"Tropocyclops prasinus mexicanus","",NA,NA,NA,"EcoAnalysts Inc."
"7170f5a6-821b-4c9d-97dc-fde891b19e96","D03","BARC","BARC.AOS.inlet","2015-11-05T17:00Z","2015-11-05T17:00Z","BARC.20151105.TOW NET.2",NA,"Chydorus sp.","",NA,NA,NA,"EcoAnalysts Inc."
"396f064a-3282-4674-8270-347068c5b907","D03","BARC","BARC.AOS.inlet","2015-11-05T17:00Z","2015-11-05T17:00Z","BARC.20151105.TOW NET.2",NA,"Diaphanosoma sp.","",NA,NA,NA,"EcoAnalysts Inc."
"05f3890a-5421-4727-9fd2-be0c38fc7b49","D03","BARC","BARC.AOS.inlet","2015-11-05T17:00Z","2015-11-05T17:00Z","BARC.20151105.TOW NET.2",NA,"Monostyla bulla","",NA,NA,NA,"EcoAnalysts Inc."
"4fb744d2-8af4-46af-91dc-66d0b4629650","D03","BARC","BARC.AOS.outlet","2015-11-05T17:00Z","2015-11-05T17:00Z","BARC.20151105.SCHINDLER.3",NA,"Chydorus sphaericus","",NA,NA,NA,"EcoAnalysts Inc."
"d402eb90-cb95-47e3-9de0-0b95eb611249","D03","BARC","BARC.AOS.buoy.c0","2015-11-05T17:00Z","2015-11-05T17:00Z","BARC.20151105.TOW NET.1",NA,"Copepoda sp.","nauplii",NA,NA,NA,"EcoAnalysts Inc."
"ea60ed63-3692-449a-bb99-86f4c3169005","D03","BARC","BARC.AOS.inlet","2015-11-05T17:00Z","2015-11-05T17:00Z","BARC.20151105.TOW NET.2",NA,"Trichocerca porcellus","",NA,NA,NA,"EcoAnalysts Inc."
"d0271225-8083-4354-ad9b-7841a222c63a","D03","BARC","BARC.AOS.outlet","2015-11-05T17:00Z","2015-11-05T17:00Z","BARC.20151105.SCHINDLER.3",NA,"Alona sp.","",NA,NA,NA,"EcoAnalysts Inc."
"bc1bf504-0cd1-4041-95e5-8ace620a22be","D03","BARC","BARC.AOS.outlet","2015-11-05T17:00Z","2015-11-05T17:00Z","BARC.20151105.SCHINDLER.3",NA,"Lecane mira","",NA,NA,NA,"EcoAnalysts Inc."
"70c77848-a6f6-49a5-a4b7-437dd2c9c073","D03","BARC","BARC.AOS.inlet","2016-02-19T17:00Z","2016-02-19T17:00Z","BARC.20160219.SCHINDLER.2",NA,"Monommata sp.",NA,NA,NA,NA,"EcoAnalysts Inc."
"6f3bdfc7-eea2-440e-8031-db574f0f1cee","D03","BARC","BARC.AOS.inlet","2016-02-19T17:00Z","2016-02-19T17:00Z","BARC.20160219.SCHINDLER.2",NA,"Ascomorpha ovalis",NA,NA,NA,NA,"EcoAnalysts Inc."
"782d2b4e-104d-4d44-ae34-cf33be64809b","D03","BARC","BARC.AOS.inlet","2016-07-06T16:00Z","2016-07-06T16:00Z","BARC.20160706.SCHINDLER.2",NA,"Monostyla quadridentata",NA,NA,NA,NA,"EcoAnalysts Inc."
"13cabc62-c7bc-474f-b82a-621d81b10acf","D03","BARC","BARC.AOS.inlet","2016-07-06T16:00Z","2016-07-06T16:00Z","BARC.20160706.SCHINDLER.2",NA,"Notommatidae sp.",NA,NA,NA,NA,"EcoAnalysts Inc."
"9c8c9c48-aae4-4d06-9fd9-6936ac0292a8","D03","BARC","BARC.AOS.outlet","2016-11-01T16:00Z","2016-11-01T16:00Z","BARC.20161101.SCHINDLER.3",NA,"Rotifera sp.",NA,NA,NA,NA,"EcoAnalysts Inc."
"acdd2b3a-da81-4602-bf8f-3593cd605016","D03","BARC","BARC.AOS.outlet","2016-11-01T16:00Z","2016-11-01T16:00Z","BARC.20161101.SCHINDLER.3",NA,"Stephanoceros fimbriatus",NA,NA,NA,NA,"EcoAnalysts Inc."
"d3720854-5894-4dfe-b089-8d86bf73ed8e","D03","BARC","BARC.AOS.outlet","2016-11-01T16:00Z","2016-11-01T16:00Z","BARC.20161101.SCHINDLER.3",NA,"Ilyocryptus sp.",NA,NA,NA,NA,"EcoAnalysts Inc."
"40052da0-c7b4-430a-bdc2-9f353bda1483","D03","SUGG","SUGG.AOS.buoy.c0","2014-07-18T16:00Z","2014-07-18T16:00Z","SUGG.BOUY.20140718.ZOO",NA,"Polyarthra sp.",NA,1,NA,NA,"EcoAnalysts Inc."
"e8347161-3dac-454c-9a35-c20306161269","D03","SUGG","SUGG.AOS.buoy.c0","2014-07-18T16:00Z","2014-07-18T16:00Z","SUGG.BOUY.20140718.ZOO",NA,"Hexarthra sp.",NA,1,NA,NA,"EcoAnalysts Inc."
"c2755d96-3eca-4f54-84ad-7205ce503c56","D03","SUGG","SUGG.AOS.buoy.c0","2014-07-18T16:00Z","2014-07-18T16:00Z","SUGG.BOUY.20140718.ZOO",NA,"Synchaeta sp.",NA,1,NA,NA,"EcoAnalysts Inc."
"ac20c599-2e25-4d33-82bd-8ceb9c15fef6","D03","SUGG","SUGG.AOS.buoy.c0","2014-07-18T16:00Z","2014-07-18T16:00Z","SUGG.BOUY.20140718.ZOO",NA,"Brachionus zahniseri",NA,1,NA,NA,"EcoAnalysts Inc."
"3c2c8789-71af-47df-97db-b8f574baf413","D03","SUGG","SUGG.AOS.inlet","2014-07-18T16:00Z","2014-07-18T16:00Z","SUGG.IN.20140718.ZOO",NA,"Ascomorpha ecaudis",NA,1,NA,NA,"EcoAnalysts Inc."
"6125f6fa-2851-40b1-91b2-0119276ebf39","D03","SUGG","SUGG.AOS.outlet","2014-07-18T16:00Z","2014-07-18T16:00Z","SUGG.OUT.20140718.ZOO",NA,"Chaoborus sp.",NA,1,NA,NA,"EcoAnalysts Inc."
"f8d51cd1-29ab-4631-8b80-d3508d01c8ed","D03","SUGG","SUGG.AOS.inlet","2015-02-18T17:00Z","2015-02-18T17:00Z","SUGG.20150218.SCHINDLER.2",NA,"Testudinella sp.",NA,1,NA,NA,"EcoAnalysts Inc."
"5a3bbfb5-579f-4cf0-ab2e-725ec7620ba1","D03","SUGG","SUGG.AOS.buoy.c0","2015-02-18T17:00Z","2015-02-18T17:00Z","SUGG.20150218.SCHINDLER.1",NA,"Daphnia ambigua",NA,1,NA,NA,"EcoAnalysts Inc."
"ba165127-13ff-4aeb-a9a1-6c47ae3b2ff1","D03","SUGG","SUGG.AOS.buoy.c0","2015-07-08T16:00Z","2015-07-08T16:00Z","SUGG.20150708.SCHINDLER.1",NA,"Brachionus zahniseri",NA,NA,NA,NA,"EcoAnalysts Inc."
"4e140c11-aeee-4a5f-8413-7f1dce0a5ee1","D03","SUGG","SUGG.AOS.buoy.c0","2015-07-08T16:00Z","2015-07-08T16:00Z","SUGG.20150708.SCHINDLER.1",NA,"Hexarthra sp.",NA,NA,NA,NA,"EcoAnalysts Inc."
"ff862a41-6862-4376-b420-57693c84f96f","D03","SUGG","SUGG.AOS.buoy.c0","2015-07-08T16:00Z","2015-07-08T16:00Z","SUGG.20150708.SCHINDLER.1",NA,"Tropocyclops prasinus mexicanus",NA,NA,NA,NA,"EcoAnalysts Inc."
"759c6a24-a70b-43c2-a711-f020408eb3d4","D03","SUGG","SUGG.AOS.buoy.c0","2015-07-08T16:00Z","2015-07-08T16:00Z","SUGG.20150708.SCHINDLER.1",NA,"Daphnia ambigua",NA,NA,NA,NA,"EcoAnalysts Inc."
"5933825a-f378-455a-abe5-052cdf3cc1b5","D03","SUGG","SUGG.AOS.buoy.c0","2015-07-08T16:00Z","2015-07-08T16:00Z","SUGG.20150708.SCHINDLER.1",NA,"Chaoborus sp.",NA,NA,NA,NA,"EcoAnalysts Inc."
"b97a9c57-d23e-4883-88ad-c18fb4a19ddd","D03","SUGG","SUGG.AOS.outlet","2015-07-08T16:00Z","2015-07-08T16:00Z","SUGG.20150708.SCHINDLER.3",NA,"Ascomorpha sp.",NA,NA,NA,NA,"EcoAnalysts Inc."
"76704f48-febc-4ffa-bca3-4ed5ad19eb79","D03","SUGG","SUGG.AOS.buoy.c0","2015-11-10T17:00Z","2015-11-10T17:00Z","SUGG.20151110.SCHINDLER.1",NA,"Hexarthra mira",NA,NA,NA,NA,"EcoAnalysts Inc."
"737b3649-387c-4c85-b389-f2db77db2750","D03","SUGG","SUGG.AOS.buoy.c0","2015-11-10T17:00Z","2015-11-10T17:00Z","SUGG.20151110.SCHINDLER.1",NA,"Conochiloides sp.",NA,NA,NA,NA,"EcoAnalysts Inc."
"8dda5348-6ce7-4cd4-927a-f6cd8c6a4a21","D03","SUGG","SUGG.AOS.buoy.c0","2015-11-10T17:00Z","2015-11-10T17:00Z","SUGG.20151110.SCHINDLER.1",NA,"Conochiloides sp.",NA,NA,NA,NA,"EcoAnalysts Inc."
"940ededf-e7e3-4fb7-beb4-dfd27a10e72f","D03","SUGG","SUGG.AOS.buoy.c0","2015-11-10T17:00Z","2015-11-10T17:00Z","SUGG.20151110.SCHINDLER.1",NA,"Daphnia ambigua",NA,NA,NA,NA,"EcoAnalysts Inc."
"4776d7e5-c60a-4477-a66b-0d1fd65f3741","D03","SUGG","SUGG.AOS.buoy.c0","2016-02-12T17:00Z","2016-02-12T17:00Z","SUGG.20160212.SCHINDLER.1",NA,"Mesocyclops edax",NA,NA,NA,NA,"EcoAnalysts Inc."
"af10539e-be8e-4171-99b5-79ce047b231e","D03","SUGG","SUGG.AOS.buoy.c0","2016-02-12T17:00Z","2016-02-12T17:00Z","SUGG.20160212.SCHINDLER.1",NA,"Ostracoda sp.",NA,NA,NA,NA,"EcoAnalysts Inc."
"8337023a-5076-4560-a077-fb103b67c00b","D03","SUGG","SUGG.AOS.outlet","2016-02-12T17:00Z","2016-02-12T17:00Z","SUGG.20160212.SCHINDLER.3",NA,"Simocephalus serrulatus",NA,NA,NA,NA,"EcoAnalysts Inc."
"9d5a6b28-8fdc-4f04-8be0-3d9c1284772f","D03","SUGG","SUGG.AOS.outlet","2016-02-12T17:00Z","2016-02-12T17:00Z","SUGG.20160212.SCHINDLER.3",NA,"Camptocercus sp.",NA,NA,NA,NA,"EcoAnalysts Inc."
"d81332fe-428c-44e6-a139-55a5b6b886fd","D03","SUGG","SUGG.AOS.buoy.c0","2016-02-12T17:00Z","2016-02-12T17:00Z","SUGG.20160212.SCHINDLER.1",NA,"Lecane stokesi",NA,NA,NA,NA,"EcoAnalysts Inc."
"dd089aab-6216-4c08-b1e0-566abd7490c5","D03","SUGG","SUGG.AOS.buoy.c0","2016-02-12T17:00Z","2016-02-12T17:00Z","SUGG.20160212.SCHINDLER.1",NA,"Synchaeta sp.",NA,NA,NA,NA,"EcoAnalysts Inc."
"61a399fc-5548-4faf-a769-3a92fcc6d604","D03","SUGG","SUGG.AOS.buoy.c0","2016-02-12T17:00Z","2016-02-12T17:00Z","SUGG.20160212.SCHINDLER.1",NA,"Lepadella sp.",NA,NA,NA,NA,"EcoAnalysts Inc."
"ab0b0a5a-114c-46aa-a6aa-1059d0b4c659","D03","SUGG","SUGG.AOS.buoy.c0","2016-02-12T17:00Z","2016-02-12T17:00Z","SUGG.20160212.SCHINDLER.1",NA,"Ceriodaphnia sp.",NA,NA,NA,NA,"EcoAnalysts Inc."
"1ddd786d-3d85-442a-859f-80e3341a30f8","D03","SUGG","SUGG.AOS.inlet","2016-02-12T17:00Z","2016-02-12T17:00Z","SUGG.20160212.SCHINDLER.2",NA,"Trichocerca similis",NA,NA,NA,NA,"EcoAnalysts Inc."
"0627caaa-1d2c-4750-a9be-a6900a368f2c","D03","SUGG","SUGG.AOS.inlet","2016-02-12T17:00Z","2016-02-12T17:00Z","SUGG.20160212.SCHINDLER.2",NA,"Euchlanis sp.",NA,NA,NA,NA,"EcoAnalysts Inc."
"1042e680-4458-4bc1-9ea5-7ce873b84fc9","D03","SUGG","SUGG.AOS.inlet","2016-02-12T17:00Z","2016-02-12T17:00Z","SUGG.20160212.SCHINDLER.2",NA,"Monostyla lunaris",NA,NA,NA,NA,"EcoAnalysts Inc."
"34b54736-d09a-47e4-8816-cff2f2dcb95f","D03","SUGG","SUGG.AOS.inlet","2016-02-12T17:00Z","2016-02-12T17:00Z","SUGG.20160212.SCHINDLER.2",NA,"Beauchampiella sp.",NA,NA,NA,NA,"EcoAnalysts Inc."
"a5bc3fda-5836-45ff-9af1-ecab87d13bc1","D03","SUGG","SUGG.AOS.inlet","2016-02-12T17:00Z","2016-02-12T17:00Z","SUGG.20160212.SCHINDLER.2",NA,"Keratella serrulata",NA,NA,NA,NA,"EcoAnalysts Inc."
"7f7a16a9-4c6b-4a90-939b-ff463ce11297","D03","SUGG","SUGG.AOS.inlet","2016-02-12T17:00Z","2016-02-12T17:00Z","SUGG.20160212.SCHINDLER.2",NA,"Trichocerca similis",NA,NA,NA,NA,"EcoAnalysts Inc."
"64bb714c-93ac-49e0-a269-ca37fa68131f","D03","SUGG","SUGG.AOS.inlet","2016-02-12T17:00Z","2016-02-12T17:00Z","SUGG.20160212.SCHINDLER.2",NA,"Testudinella sp.",NA,NA,NA,NA,"EcoAnalysts Inc."
"d1d416c8-8d88-407f-9b4d-00c490d1621e","D03","SUGG","SUGG.AOS.outlet","2016-02-12T17:00Z","2016-02-12T17:00Z","SUGG.20160212.SCHINDLER.3",NA,"Eurycercus sp.",NA,NA,NA,NA,"EcoAnalysts Inc."
"3ab3e127-c8ef-4a12-9962-039771dd2f34","D03","SUGG","SUGG.AOS.outlet","2017-02-09T17:00Z","2017-02-09T17:00Z","SUGG.20170209.SCHINDLER.3",NA,"Keratella gracilenta",NA,NA,NA,NA,"EcoAnalysts Inc."
"dce421fc-4f10-4554-a9ca-5dcefaa66c25","D05","CRAM","CRAM.AOS.inlet","2015-05-13T17:00Z","2015-05-13T17:00Z","CRAM.20150513.SCHINDLERPATALAS.2",NA,"Keratella cochlearis",NA,1,NA,NA,"GEI Consultants Inc."
"23377c13-41d8-4ac8-b188-f1d59ddeb3c6","D05","CRAM","CRAM.AOS.inlet","2015-05-13T17:00Z","2015-05-13T17:00Z","CRAM.20150513.SCHINDLERPATALAS.2",NA,"Acroperus harpae",NA,1,NA,NA,"GEI Consultants Inc."
"bc58c919-5869-42c2-8d24-def237a063c1","D05","CRAM","CRAM.AOS.inlet","2015-05-13T17:00Z","2015-05-13T17:00Z","CRAM.20150513.SCHINDLERPATALAS.2",NA,"Disparalona rostrata",NA,1,NA,NA,"GEI Consultants Inc."
"3b87c9c0-7238-4a3b-91a7-605d50c7c77a","D05","CRAM","CRAM.AOS.inlet","2015-05-13T17:00Z","2015-05-13T17:00Z","CRAM.20150513.SCHINDLERPATALAS.2",NA,"Lecane sp.",NA,1,NA,NA,"GEI Consultants Inc."
"850d5be9-899a-4a04-97a1-1712d7f1ee71","D05","CRAM","CRAM.AOS.outlet","2015-05-13T17:00Z","2015-05-13T17:00Z","CRAM.20150513.SCHINDLERPATALAS.1",NA,"Holopedium gibberum",NA,1,NA,NA,"GEI Consultants Inc."
"47e99420-f9a7-4c10-a8eb-3c2b1667bf28","D05","CRAM","CRAM.AOS.outlet","2015-05-13T17:00Z","2015-05-13T17:00Z","CRAM.20150513.SCHINDLERPATALAS.1",NA,"Leptodiaptomus minutus",NA,1,NA,NA,"GEI Consultants Inc."
"4dd02be4-c2e7-4b1b-92bd-ebc2341c375a","D05","CRAM","CRAM.AOS.outlet","2015-05-13T17:00Z","2015-05-13T17:00Z","CRAM.20150513.SCHINDLERPATALAS.1",NA,"Conochiloides sp.",NA,1,NA,NA,"GEI Consultants Inc."
"6ffd29d7-d1f6-42e8-b317-876c2c138def","D05","CRAM","CRAM.AOS.outlet","2015-05-13T17:00Z","2015-05-13T17:00Z","CRAM.20150513.SCHINDLERPATALAS.1",NA,"Keratella taurocephala",NA,1,NA,NA,"GEI Consultants Inc."
"747a0e27-92b4-47fe-86d0-d01bf25ec23e","D05","CRAM","CRAM.AOS.outlet","2015-05-13T17:00Z","2015-05-13T17:00Z","CRAM.20150513.SCHINDLERPATALAS.1",NA,"Bosmina longirostris",NA,1,NA,NA,"GEI Consultants Inc."
"fff5d644-7fac-4911-8381-abcbfd9ad774","D05","CRAM","CRAM.AOS.outlet","2015-05-13T17:00Z","2015-05-13T17:00Z","CRAM.20150513.SCHINDLERPATALAS.1",NA,"Macrothricidae sp.",NA,1,NA,NA,"GEI Consultants Inc."
"639bf65f-b76c-4b0d-8ed6-5ed31bc9e6b6","D05","CRAM","CRAM.AOS.outlet","2015-05-13T17:00Z","2015-05-13T17:00Z","CRAM.20150513.SCHINDLERPATALAS.1",NA,"Chydorus sphaericus",NA,1,NA,NA,"GEI Consultants Inc."
"40e22c75-0da2-4dea-80e3-071436b271ab","D05","CRAM","CRAM.AOS.buoy.c0","2015-07-13T17:00Z","2015-07-13T17:00Z","CRAM.20150713.TOWNET.3",NA,"Mesocyclops edax",NA,1,NA,NA,"GEI Consultants Inc."
"0f242673-b21c-4b87-9202-72e447a64972","D05","CRAM","CRAM.AOS.buoy.c0","2015-07-13T17:00Z","2015-07-13T17:00Z","CRAM.20150713.TOWNET.3",NA,"Keratella testudo",NA,1,NA,NA,"GEI Consultants Inc."
"35f55fb1-3c57-4105-83b8-b4906d2e6dc0","D05","CRAM","CRAM.AOS.buoy.c0","2015-07-13T17:00Z","2015-07-13T17:00Z","CRAM.20150713.TOWNET.3",NA,"Kellicottia bostoniensis",NA,1,NA,NA,"GEI Consultants Inc."
"da87771e-10c9-4016-83c4-3fb1d5d7567a","D05","CRAM","CRAM.AOS.buoy.c0","2015-07-13T17:00Z","2015-07-13T17:00Z","CRAM.20150713.TOWNET.3",NA,"Holopedium gibberum",NA,1,NA,NA,"GEI Consultants Inc."
"92352205-0a65-45ce-a75a-97ad87bd4bf8","D05","CRAM","CRAM.AOS.inlet","2015-07-13T17:00Z","2015-07-13T17:00Z","CRAM.20150713.SCHINDLERPATALAS.2",NA,"Trichocerca cylindrica",NA,1,NA,NA,"GEI Consultants Inc."
"e83d9276-77ae-478c-9870-c669885e0c56","D05","CRAM","CRAM.AOS.inlet","2015-07-13T17:00Z","2015-07-13T17:00Z","CRAM.20150713.SCHINDLERPATALAS.2",NA,"Lecane luna",NA,1,NA,NA,"GEI Consultants Inc."
"1658c47e-430c-41b4-aaf3-e70c12965609","D05","CRAM","CRAM.AOS.inlet","2015-07-13T17:00Z","2015-07-13T17:00Z","CRAM.20150713.SCHINDLERPATALAS.2",NA,"Ceriodaphnia sp.",NA,1,NA,NA,"GEI Consultants Inc."
"5fd6f908-eeff-4ff8-9b6c-c4ab7fc775dc","D05","CRAM","CRAM.AOS.inlet","2015-07-13T17:00Z","2015-07-13T17:00Z","CRAM.20150713.SCHINDLERPATALAS.2",NA,"Ploesoma triacanthum",NA,1,NA,NA,"GEI Consultants Inc."
"460246fd-9ee8-49b0-82e5-638f83cae147","D05","CRAM","CRAM.AOS.inlet","2015-07-13T17:00Z","2015-07-13T17:00Z","CRAM.20150713.SCHINDLERPATALAS.2",NA,"Asplanchna sp.",NA,1,NA,NA,"GEI Consultants Inc."
"e50c703c-39fe-4c69-8b85-5a27c8a15547","D05","CRAM","CRAM.AOS.inlet","2015-07-13T17:00Z","2015-07-13T17:00Z","CRAM.20150713.SCHINDLERPATALAS.2",NA,"Diaphanosoma sp.",NA,1,NA,NA,"GEI Consultants Inc."
"4fb66e7a-2819-42f7-bfd2-3680630bb8e1","D05","CRAM","CRAM.AOS.outlet","2015-07-13T17:00Z","2015-07-13T17:00Z","CRAM.20150713.SCHINDLERPATALAS.1",NA,"Notommata sp.",NA,1,NA,NA,"GEI Consultants Inc."
"e8250076-b1dc-4446-9b80-dc36d9131a39","D05","CRAM","CRAM.AOS.outlet","2015-07-13T17:00Z","2015-07-13T17:00Z","CRAM.20150713.SCHINDLERPATALAS.1",NA,"Diacyclops thomasi",NA,1,NA,NA,"GEI Consultants Inc."
"6396f7f8-9c95-40bc-9719-efa6621db8ce","D05","CRAM","CRAM.AOS.outlet","2015-07-13T17:00Z","2015-07-13T17:00Z","CRAM.20150713.SCHINDLERPATALAS.1",NA,"Sida crystallina",NA,1,NA,NA,"GEI Consultants Inc."
"18cfcec4-ca98-4d7c-bb32-b8f6a63551b0","D05","CRAM","CRAM.AOS.outlet","2015-07-13T17:00Z","2015-07-13T17:00Z","CRAM.20150713.SCHINDLERPATALAS.1",NA,"Macrothrix sp.",NA,1,NA,NA,"GEI Consultants Inc."
"8373e205-f1da-4e66-8823-bec51ebaee24","D05","CRAM","CRAM.AOS.outlet","2015-07-13T17:00Z","2015-07-13T17:00Z","CRAM.20150713.SCHINDLERPATALAS.1",NA,"Acroperus harpae",NA,1,NA,NA,"GEI Consultants Inc."
"70792d7e-ac14-4b16-b9eb-59bf7e30644c","D05","CRAM","CRAM.AOS.inlet","2015-09-14T17:00Z","2015-09-14T17:00Z","CRAM.20150914.SCHINDLERPATALAS.2",NA,"Keratella taurocephala",NA,1,NA,NA,"GEI Consultants Inc."
"e9b2dae9-531f-4523-9a2c-811e2349e80e","D05","CRAM","CRAM.AOS.inlet","2015-09-14T17:00Z","2015-09-14T17:00Z","CRAM.20150914.SCHINDLERPATALAS.2",NA,"Eubosmina tubicen",NA,1,NA,NA,"GEI Consultants Inc."
"8077ac5e-6e83-45c9-9704-1ee5a7f5631b","D05","CRAM","CRAM.AOS.outlet","2015-09-14T17:00Z","2015-09-14T17:00Z","CRAM.20150914.SCHINDLERPATALAS.1",NA,"Trichocerca multicrinis",NA,1,NA,NA,"GEI Consultants Inc."
"6a6ada79-127f-4cce-b27b-aeefdd33f4fd","D05","CRAM","CRAM.AOS.outlet","2015-09-14T17:00Z","2015-09-14T17:00Z","CRAM.20150914.SCHINDLERPATALAS.1",NA,"Polyarthra sp.",NA,1,NA,NA,"GEI Consultants Inc."
"bbbced49-752b-4f0f-8939-e39cc59aa875","D05","CRAM","CRAM.AOS.buoy.c0","2016-04-29T17:00Z","2016-04-29T17:00Z","CRAM.20160429.TOWNET.3",NA,"Tropocyclops prasinus mexicanus",NA,1,NA,NA,"GEI Consultants Inc."
"ed94c84b-1b14-4e0b-9b07-42d17b61f382","D05","CRAM","CRAM.AOS.buoy.c0","2016-04-29T17:00Z","2016-04-29T17:00Z","CRAM.20160429.TOWNET.3",NA,"Daphnia catawba",NA,1,NA,NA,"GEI Consultants Inc."
"fd30b78b-618c-451c-a0bd-2aeaf6f46df9","D05","CRAM","CRAM.AOS.inlet","2016-04-29T17:00Z","2016-04-29T17:00Z","CRAM.20160429.SCHINDLERPATALAS.2",NA,"Trichotria tetractis",NA,1,NA,NA,"GEI Consultants Inc."
"c2678e75-5c62-44e9-ad77-ca89d783f7c6","D05","CRAM","CRAM.AOS.inlet","2016-04-29T17:00Z","2016-04-29T17:00Z","CRAM.20160429.SCHINDLERPATALAS.2",NA,"Alona guttata",NA,1,NA,NA,"GEI Consultants Inc."
"56e4dcc6-9667-4d29-ad66-47aa3de4d362","D05","CRAM","CRAM.AOS.inlet","2016-04-29T17:00Z","2016-04-29T17:00Z","CRAM.20160429.SCHINDLERPATALAS.2",NA,"Keratella serrulata curvicornis",NA,1,NA,NA,"GEI Consultants Inc."
"b8e3649b-6178-4433-b9f2-5503a31542f2","D05","CRAM","CRAM.AOS.outlet","2016-04-29T17:00Z","2016-04-29T17:00Z","CRAM.20160429.SCHINDLERPATALAS.1",NA,"Disparalona acutirostris",NA,1,NA,NA,"GEI Consultants Inc."
"6386a7a0-59c5-47ff-b9ad-f5c617bb2482","D05","CRAM","CRAM.AOS.outlet","2016-04-29T17:00Z","2016-04-29T17:00Z","CRAM.20160429.SCHINDLERPATALAS.1",NA,"Leptodiaptomus minutus",NA,1,NA,NA,"GEI Consultants Inc."
"aac7cef7-1473-4aa7-9153-7a5b1917350e","D05","CRAM","CRAM.AOS.buoy.c0","2016-07-13T17:00Z","2016-07-13T17:00Z","CRAM.20160713.TOW NET.3",NA,"Asplanchna brightwellii","",NA,NA,NA,"EcoAnalysts Inc."
"7a2e3261-a6fe-465e-b590-5992de94ce75","D05","CRAM","CRAM.AOS.inlet","2016-07-13T17:00Z","2016-07-13T17:00Z","CRAM.20160713.SCHINDLER.2",NA,"Ostracoda sp.","",NA,NA,NA,"EcoAnalysts Inc."
"05894753-d8a4-4605-ae9e-73d8380bcae5","D05","CRAM","CRAM.AOS.buoy.c0","2016-07-13T17:00Z","2016-07-13T17:00Z","CRAM.20160713.TOW NET.3",NA,"Ploesoma lenticulare","",NA,NA,NA,"EcoAnalysts Inc."
"544327af-b2d8-486c-88bc-e76e4b5af454","D05","CRAM","CRAM.AOS.inlet","2016-07-13T17:00Z","2016-07-13T17:00Z","CRAM.20160713.SCHINDLER.2",NA,"Synchaeta sp.","",NA,NA,NA,"EcoAnalysts Inc."
"9795be7d-51e6-4b7f-a4b8-71f725ce8281","D05","CRAM","CRAM.AOS.inlet","2016-07-13T17:00Z","2016-07-13T17:00Z","CRAM.20160713.SCHINDLER.2",NA,"Monostyla lunaris","",NA,NA,NA,"EcoAnalysts Inc."
"3e43489a-b9c4-4508-80c5-eb9e834a9c53","D05","CRAM","CRAM.AOS.buoy.c0","2016-07-13T17:00Z","2016-07-13T17:00Z","CRAM.20160713.TOW NET.3",NA,"Filinia longiseta","",NA,NA,NA,"EcoAnalysts Inc."
"c007389e-f014-4100-a939-bf040b50481d","D05","CRAM","CRAM.AOS.outlet","2016-07-13T17:00Z","2016-07-13T17:00Z","CRAM.20160713.SCHINDLER.1",NA,"Asplanchna herrickii","",NA,NA,NA,"EcoAnalysts Inc."
"e081e5d4-694f-4d0e-97c6-79b449993905","D05","CRAM","CRAM.AOS.outlet","2016-07-13T17:00Z","2016-07-13T17:00Z","CRAM.20160713.SCHINDLER.1",NA,"Polyphemus pediculus","",NA,NA,NA,"EcoAnalysts Inc."
"6a9ce378-4a62-4716-bf7d-28571106dfff","D05","CRAM","CRAM.AOS.outlet","2016-07-13T17:00Z","2016-07-13T17:00Z","CRAM.20160713.SCHINDLER.1",NA,"Keratella taurocephala","",NA,NA,NA,"EcoAnalysts Inc."
"68400bc8-60de-49be-98e9-0f8fbcc996bd","D05","CRAM","CRAM.AOS.outlet","2016-07-13T17:00Z","2016-07-13T17:00Z","CRAM.20160713.SCHINDLER.1",NA,"Eubosmina tubicen","",NA,NA,NA,"EcoAnalysts Inc."
"d57b0a27-9919-4391-b071-e21d4e1aaa72","D05","CRAM","CRAM.AOS.outlet","2016-07-13T17:00Z","2016-07-13T17:00Z","CRAM.20160713.SCHINDLER.1",NA,"Acroperus harpae","",NA,NA,NA,"EcoAnalysts Inc."
"90e69ecc-339d-4662-9007-281909735f15","D05","CRAM","CRAM.AOS.outlet","2016-07-13T17:00Z","2016-07-13T17:00Z","CRAM.20160713.SCHINDLER.1",NA,"Copepoda sp.","nauplii",NA,NA,NA,"EcoAnalysts Inc."
"30fbe2e2-35ff-4516-b948-378ac8a75294","D05","CRAM","CRAM.AOS.outlet","2016-07-13T17:00Z","2016-07-13T17:00Z","CRAM.20160713.SCHINDLER.1",NA,"Macrothricidae sp.","",NA,NA,NA,"EcoAnalysts Inc."
"906c3e74-1c5b-4933-8cfa-188a4f4da415","D05","CRAM","CRAM.AOS.outlet","2016-07-13T17:00Z","2016-07-13T17:00Z","CRAM.20160713.SCHINDLER.1",NA,"Euchlanis sp.","",NA,NA,NA,"EcoAnalysts Inc."
"cfe9b225-fe73-46ff-a86b-2963f9e126e0","D05","CRAM","CRAM.AOS.outlet","2016-07-13T17:00Z","2016-07-13T17:00Z","CRAM.20160713.SCHINDLER.1",NA,"Tropocyclops prasinus mexicanus","",NA,NA,NA,"EcoAnalysts Inc."
"5cba7787-258a-4941-8b06-0e385e4942e2","D05","CRAM","CRAM.AOS.outlet","2016-07-13T17:00Z","2016-07-13T17:00Z","CRAM.20160713.SCHINDLER.1",NA,"Polyarthra sp.","",NA,NA,NA,"EcoAnalysts Inc."
"762d04a2-f275-447d-9dec-b63719215f23","D05","CRAM","CRAM.AOS.outlet","2016-07-13T17:00Z","2016-07-13T17:00Z","CRAM.20160713.SCHINDLER.1",NA,"Bosmina longirostris","",NA,NA,NA,"EcoAnalysts Inc."
"d713d33e-1e8c-4b0e-8da7-641571b9069c","D05","CRAM","CRAM.AOS.outlet","2016-07-13T17:00Z","2016-07-13T17:00Z","CRAM.20160713.SCHINDLER.1",NA,"Holopedium gibberum","",NA,NA,NA,"EcoAnalysts Inc."
"dcbaf84b-45c3-43ac-be13-82a45060312a","D05","CRAM","CRAM.AOS.outlet","2016-07-13T17:00Z","2016-07-13T17:00Z","CRAM.20160713.SCHINDLER.1",NA,"Trichocerca sp.","",NA,NA,NA,"EcoAnalysts Inc."
"13f30dfd-7476-4ac0-8c22-1d075d08c92b","D05","CRAM","CRAM.AOS.buoy.c0","2016-09-19T17:00Z","2016-09-19T17:00Z","CRAM.20160919.TOW NET.3",NA,"Daphnia sp.","",NA,NA,NA,"EcoAnalysts Inc."
"403eef34-4fb6-4686-b870-bd3366086102","D05","CRAM","CRAM.AOS.buoy.c0","2016-09-19T17:00Z","2016-09-19T17:00Z","CRAM.20160919.TOW NET.3",NA,"Kellicottia bostoniensis","",NA,NA,NA,"EcoAnalysts Inc."
"b042e4d3-d043-486c-b71c-e8ccb122b6dd","D05","CRAM","CRAM.AOS.buoy.c0","2016-09-19T17:00Z","2016-09-19T17:00Z","CRAM.20160919.TOW NET.3",NA,"Chaoborus sp.","",NA,NA,NA,"EcoAnalysts Inc."
"b05a15c8-809e-4eff-801f-7d984c0fe63a","D05","CRAM","CRAM.AOS.buoy.c0","2016-09-19T17:00Z","2016-09-19T17:00Z","CRAM.20160919.TOW NET.3",NA,"Kellicottia longispina","",NA,NA,NA,"EcoAnalysts Inc."
"5389b9b9-d93c-4997-b08a-40e120baaf40","D05","CRAM","CRAM.AOS.buoy.c0","2016-09-19T17:00Z","2016-09-19T17:00Z","CRAM.20160919.TOW NET.3",NA,"Diaphanosoma sp.","",NA,NA,NA,"EcoAnalysts Inc."
"38f0048f-e96e-4571-ad8b-d4c9076cd93f","D05","CRAM","CRAM.AOS.outlet","2016-09-19T17:00Z","2016-09-19T17:00Z","CRAM.20160919.SCHINDLER.1",NA,"Calanoida sp.","copepodites",NA,NA,NA,"EcoAnalysts Inc."
"13ef4a34-970f-465b-ba30-9ec1a818ba21","D05","CRAM","CRAM.AOS.outlet","2016-09-19T17:00Z","2016-09-19T17:00Z","CRAM.20160919.SCHINDLER.1",NA,"Cyclopoida sp.","copepodites",NA,NA,NA,"EcoAnalysts Inc."
"945743ea-2e4f-4ca2-9e79-f53a76d6c4fb","D05","CRAM","CRAM.AOS.outlet","2016-09-19T17:00Z","2016-09-19T17:00Z","CRAM.20160919.SCHINDLER.1",NA,"Chydoridae sp.","",NA,NA,NA,"EcoAnalysts Inc."
"28a01cea-4a77-43e3-b65d-a6d71164fc59","D05","CRAM","CRAM.AOS.outlet","2016-09-19T17:00Z","2016-09-19T17:00Z","CRAM.20160919.SCHINDLER.1",NA,"Ascomorpha ecaudis","",NA,NA,NA,"EcoAnalysts Inc."
"3adaa56d-d096-422c-956a-a95f4e247f44","D05","CRAM","CRAM.AOS.outlet","2016-09-19T17:00Z","2016-09-19T17:00Z","CRAM.20160919.SCHINDLER.1",NA,"Keratella crassa","",NA,NA,NA,"EcoAnalysts Inc."
"335742e3-7743-4ab2-b7f2-16132678abe3","D05","CRAM","CRAM.AOS.outlet","2016-09-19T17:00Z","2016-09-19T17:00Z","CRAM.20160919.SCHINDLER.1",NA,"Conochilus unicornis","",NA,NA,NA,"EcoAnalysts Inc."
"4d2de1e6-fbe6-4834-8ff0-48d4e9278146","D05","CRAM","CRAM.AOS.outlet","2016-09-19T17:00Z","2016-09-19T17:00Z","CRAM.20160919.SCHINDLER.1",NA,"Chydorus sphaericus","",NA,NA,NA,"EcoAnalysts Inc."
"4107534d-543c-4204-8925-8e9ddb1d3e65","D05","CRAM","CRAM.AOS.outlet","2016-09-19T17:00Z","2016-09-19T17:00Z","CRAM.20160919.SCHINDLER.1",NA,"Leptodiaptomus minutus","",NA,NA,NA,"EcoAnalysts Inc."
"dff621e5-9148-49e6-9ccf-20570230a73c","D09","PRLA","PRLA.AOS.outlet","2014-09-25T17:00Z","2014-09-25T17:00Z","PRLA.20140925.SCHINDLER.1",NA,"Leptodiaptomus siciloides",NA,1,NA,NA,"GEI Consultants Inc."
"ce032d93-46fb-4702-be54-942c3a76ed3c","D09","PRLA","PRLA.AOS.outlet","2014-09-25T17:00Z","2014-09-25T17:00Z","PRLA.20140925.SCHINDLER.1",NA,"Cephalodella gibba",NA,1,NA,NA,"GEI Consultants Inc."
"906b2ece-e491-45b1-8789-1eb132f2af82","D09","PRLA","PRLA.AOS.outlet","2014-09-25T17:00Z","2014-09-25T17:00Z","PRLA.20140925.SCHINDLER.1",NA,"Mesocyclops edax",NA,1,NA,NA,"GEI Consultants Inc."
"89d79bab-cfc7-4669-a811-1c8fa1067473","D09","PRLA","PRLA.AOS.outlet","2014-09-25T17:00Z","2014-09-25T17:00Z","PRLA.20140925.SCHINDLER.1",NA,"Keratella cochlearis",NA,1,NA,NA,"GEI Consultants Inc."
"15b33eb9-a534-4125-aa03-f2f92e7ec618","D09","PRLA","PRLA.AOS.inlet","2015-05-12T17:00Z","2015-05-12T17:00Z","PRLA.20150512.SCHINDLER.1",NA,"Brachionus angularis",NA,NA,NA,NA,"EcoAnalysts Inc."
"9670cd45-4ff1-4c7f-a83c-1bffcce2a02e","D09","PRLA","PRLA.AOS.inlet","2015-05-12T17:00Z","2015-05-12T17:00Z","PRLA.20150512.SCHINDLER.1",NA,"Keratella quadrata",NA,NA,NA,NA,"EcoAnalysts Inc."
"b4461dec-4261-40d0-b723-5c80185f7d7c","D09","PRLA","PRLA.AOS.inlet","2015-05-12T17:00Z","2015-05-12T17:00Z","PRLA.20150512.SCHINDLER.1",NA,"Keratella testudo",NA,NA,NA,NA,"EcoAnalysts Inc."
"5f5e2417-96fd-4788-9d10-f268a6d300f5","D09","PRLA","PRLA.AOS.inlet","2015-05-12T17:00Z","2015-05-12T17:00Z","PRLA.20150512.SCHINDLER.1",NA,"Brachionus sp.",NA,NA,NA,NA,"EcoAnalysts Inc."
"d23a5988-fac2-4e7d-a7a4-3d86b5b952f0","D09","PRLA","PRLA.AOS.inlet","2015-05-12T17:00Z","2015-05-12T17:00Z","PRLA.20150512.SCHINDLER.1",NA,"Keratella cochlearis",NA,NA,NA,NA,"EcoAnalysts Inc."
"85406fb5-baa6-4be0-8d9d-1aa1e34aa3ef","D09","PRLA","PRLA.AOS.buoy.c0","2015-05-12T17:00Z","2015-05-12T17:00Z","PRLA.20150512.TOW NET.2",NA,"Diacyclops thomasi",NA,NA,NA,NA,"EcoAnalysts Inc."
"5c77ae18-963e-4dbd-b624-c737774c02d3","D09","PRPO","PRPO.AOS.buoy.c0","2014-09-23T17:00Z","2014-09-23T17:00Z","PRPO.20140923.TOW.3",NA,"Pompholyx sp.",NA,1,NA,NA,"GEI Consultants Inc."
"6c6d48dd-b6ae-4583-91e5-b57c1d8129e3","D09","PRPO","PRPO.AOS.inlet","2014-09-23T17:00Z","2014-09-23T17:00Z","PRPO.20140923.SCHINDLER.1",NA,"Polyarthra sp.",NA,1,NA,NA,"GEI Consultants Inc."
"a1daf89f-8e83-49ad-bfbb-18821ed98d2d","D09","PRPO","PRPO.AOS.inlet","2014-09-23T17:00Z","2014-09-23T17:00Z","PRPO.20140923.SCHINDLER.1",NA,"Daphnia ambigua",NA,1,NA,NA,"GEI Consultants Inc."
"ba9912df-fbd3-4857-b152-80ed51644762","D09","PRPO","PRPO.AOS.outlet","2014-09-23T17:00Z","2014-09-23T17:00Z","PRPO.20140923.SCHINDLER.2",NA,"Ceriodaphnia dubia",NA,1,NA,NA,"GEI Consultants Inc."
"6d3affb1-9a76-42ef-9bd1-a23dbadfef4f","D09","PRPO","PRPO.AOS.outlet","2014-09-23T17:00Z","2014-09-23T17:00Z","PRPO.20140923.SCHINDLER.2",NA,"Lecane luna",NA,1,NA,NA,"GEI Consultants Inc."
"b49750f6-dafd-4547-bf37-c8e63b24176c","D09","PRPO","PRPO.AOS.inlet","2016-09-12T17:00Z","2016-09-12T17:00Z","PRPO.20160912.SCHINDLER.1",NA,"Acanthocyclops robustus",NA,NA,NA,NA,"EcoAnalysts Inc."
"b3cd5d31-dce0-42e6-91f0-e190a408afa1","D18","TOOK","TOOK.AOS.inlet","2016-08-10T20:00Z","2016-08-10T20:00Z","TOOK.20160810.SCHINDLER.3",NA,"Rotifera sp.","",NA,NA,NA,"EcoAnalysts Inc."
"3ba3e93c-ba6f-46ac-8a62-0b36ca3cf297","D18","TOOK","TOOK.AOS.buoy.c0","2016-08-10T20:00Z","2016-08-10T20:00Z","TOOK.20160810.TOW NET.1",NA,"Conochilus unicornis","",NA,NA,NA,"EcoAnalysts Inc."
"c7732da9-3450-44a4-b6a4-baf6d4cb17ab","D18","TOOK","TOOK.AOS.buoy.c0","2016-08-10T20:00Z","2016-08-10T20:00Z","TOOK.20160810.TOW NET.1",NA,"Polyarthra sp.","",NA,NA,NA,"EcoAnalysts Inc."
"789f6352-78f1-4b87-8f35-50430f76587b","D18","TOOK","TOOK.AOS.buoy.c0","2016-08-10T20:00Z","2016-08-10T20:00Z","TOOK.20160810.TOW NET.1",NA,"Cyclops strenuus","",NA,NA,NA,"EcoAnalysts Inc."
"c8a7fa1f-5999-4935-ad78-78c337a8027d","D18","TOOK","TOOK.AOS.buoy.c0","2016-08-10T20:00Z","2016-08-10T20:00Z","TOOK.20160810.TOW NET.1",NA,"Cyclopoida sp.","copepodites",NA,NA,NA,"EcoAnalysts Inc."
"e587f43a-09e3-43d1-8235-d9f65395a199","D18","TOOK","TOOK.AOS.buoy.c0","2016-08-10T20:00Z","2016-08-10T20:00Z","TOOK.20160810.TOW NET.1",NA,"Collotheca sp.","",NA,NA,NA,"EcoAnalysts Inc."
"f152bb73-b65f-4976-a0ef-7273bfb353c3","D18","TOOK","TOOK.AOS.buoy.c0","2016-08-10T20:00Z","2016-08-10T20:00Z","TOOK.20160810.TOW NET.1",NA,"Eubosmina longispina","",NA,NA,NA,"EcoAnalysts Inc."
"555c3723-12df-4b5a-b1c2-d9c041301999","D18","TOOK","TOOK.AOS.buoy.c0","2016-08-10T20:00Z","2016-08-10T20:00Z","TOOK.20160810.TOW NET.1",NA,"Kellicottia longispina","",NA,NA,NA,"EcoAnalysts Inc."
"216c9780-917e-487b-a89d-e5ed26c2c8e9","D18","TOOK","TOOK.AOS.buoy.c0","2016-08-10T20:00Z","2016-08-10T20:00Z","TOOK.20160810.TOW NET.1",NA,"Heterocope septentrionalis","",NA,NA,NA,"EcoAnalysts Inc."
"c8129656-7b8b-4804-92e9-fbc7f9ba59fe","D18","TOOK","TOOK.AOS.buoy.c0","2016-08-10T20:00Z","2016-08-10T20:00Z","TOOK.20160810.TOW NET.1",NA,"Leptodiaptomus pribilofensis","",NA,NA,NA,"EcoAnalysts Inc."
"c0a22774-cfcb-4b0f-8d8a-7b6c242875d7","D18","TOOK","TOOK.AOS.inlet","2016-08-10T20:00Z","2016-08-10T20:00Z","TOOK.20160810.SCHINDLER.3",NA,"Testudinella sp.","",NA,NA,NA,"EcoAnalysts Inc."
"00d77d8b-999b-4df4-8d61-3ecabd08e9af","D18","TOOK","TOOK.AOS.buoy.c0","2016-08-10T20:00Z","2016-08-10T20:00Z","TOOK.20160810.TOW NET.1",NA,"Copepoda sp.","nauplii",NA,NA,NA,"EcoAnalysts Inc."
"ea433498-60b1-4986-9258-3b6327c27c20","D18","TOOK","TOOK.AOS.buoy.c0","2016-08-10T20:00Z","2016-08-10T20:00Z","TOOK.20160810.TOW NET.1",NA,"Daphnia longiremis","",NA,NA,NA,"EcoAnalysts Inc."
"ce2aa721-0f80-44b2-96a0-48acc76e5ddf","D18","TOOK","TOOK.AOS.buoy.c0","2016-08-10T20:00Z","2016-08-10T20:00Z","TOOK.20160810.TOW NET.1",NA,"Keratella cochlearis","",NA,NA,NA,"EcoAnalysts Inc."
